n,p,target_qubit,function,error_position,P0,success,shots
1,0.0,0,constant_1,no_error,1.0,1.0,1024
1,0.0,0,constant_1,D(P)1_before_H,1.0,1.0,1024
1,0.0,0,constant_1,D(P)2_after_first_H,1.0,1.0,1024
1,0.0,0,constant_1,D(P)3_after_oracle,1.0,1.0,1024
1,0.0,0,constant_1,D(P)4_after_final_H,1.0,1.0,1024
1,0.05,0,constant_1,no_error,1.0,1.0,1024
1,0.05,0,constant_1,D(P)1_before_H,0.9755859375,0.9755859375,1024
1,0.05,0,constant_1,D(P)2_after_first_H,0.9765625,0.9765625,1024
1,0.05,0,constant_1,D(P)3_after_oracle,0.9814453125,0.9814453125,1024
1,0.05,0,constant_1,D(P)4_after_final_H,0.9736328125,0.9736328125,1024
1,0.1,0,constant_1,no_error,1.0,1.0,1024
1,0.1,0,constant_1,D(P)1_before_H,0.951171875,0.951171875,1024
1,0.1,0,constant_1,D(P)2_after_first_H,0.9580078125,0.9580078125,1024
1,0.1,0,constant_1,D(P)3_after_oracle,0.958984375,0.958984375,1024
1,0.1,0,constant_1,D(P)4_after_final_H,0.94140625,0.94140625,1024
1,0.15000000000000002,0,constant_1,no_error,1.0,1.0,1024
1,0.15000000000000002,0,constant_1,D(P)1_before_H,0.9150390625,0.9150390625,1024
1,0.15000000000000002,0,constant_1,D(P)2_after_first_H,0.9296875,0.9296875,1024
1,0.15000000000000002,0,constant_1,D(P)3_after_oracle,0.9228515625,0.9228515625,1024
1,0.15000000000000002,0,constant_1,D(P)4_after_final_H,0.9296875,0.9296875,1024
1,0.2,0,constant_1,no_error,1.0,1.0,1024
1,0.2,0,constant_1,D(P)1_before_H,0.896484375,0.896484375,1024
1,0.2,0,constant_1,D(P)2_after_first_H,0.900390625,0.900390625,1024
1,0.2,0,constant_1,D(P)3_after_oracle,0.908203125,0.908203125,1024
1,0.2,0,constant_1,D(P)4_after_final_H,0.8916015625,0.8916015625,1024
1,0.25,0,constant_1,no_error,1.0,1.0,1024
1,0.25,0,constant_1,D(P)1_before_H,0.8759765625,0.8759765625,1024
1,0.25,0,constant_1,D(P)2_after_first_H,0.869140625,0.869140625,1024
1,0.25,0,constant_1,D(P)3_after_oracle,0.861328125,0.861328125,1024
1,0.25,0,constant_1,D(P)4_after_final_H,0.869140625,0.869140625,1024
1,0.30000000000000004,0,constant_1,no_error,1.0,1.0,1024
1,0.30000000000000004,0,constant_1,D(P)1_before_H,0.8408203125,0.8408203125,1024
1,0.30000000000000004,0,constant_1,D(P)2_after_first_H,0.857421875,0.857421875,1024
1,0.30000000000000004,0,constant_1,D(P)3_after_oracle,0.86328125,0.86328125,1024
1,0.30000000000000004,0,constant_1,D(P)4_after_final_H,0.861328125,0.861328125,1024
1,0.35000000000000003,0,constant_1,no_error,1.0,1.0,1024
1,0.35000000000000003,0,constant_1,D(P)1_before_H,0.82421875,0.82421875,1024
1,0.35000000000000003,0,constant_1,D(P)2_after_first_H,0.810546875,0.810546875,1024
1,0.35000000000000003,0,constant_1,D(P)3_after_oracle,0.8251953125,0.8251953125,1024
1,0.35000000000000003,0,constant_1,D(P)4_after_final_H,0.8193359375,0.8193359375,1024
1,0.4,0,constant_1,no_error,1.0,1.0,1024
1,0.4,0,constant_1,D(P)1_before_H,0.7841796875,0.7841796875,1024
1,0.4,0,constant_1,D(P)2_after_first_H,0.7958984375,0.7958984375,1024
1,0.4,0,constant_1,D(P)3_after_oracle,0.7939453125,0.7939453125,1024
1,0.4,0,constant_1,D(P)4_after_final_H,0.7958984375,0.7958984375,1024
1,0.45,0,constant_1,no_error,1.0,1.0,1024
1,0.45,0,constant_1,D(P)1_before_H,0.7861328125,0.7861328125,1024
1,0.45,0,constant_1,D(P)2_after_first_H,0.7919921875,0.7919921875,1024
1,0.45,0,constant_1,D(P)3_after_oracle,0.77734375,0.77734375,1024
1,0.45,0,constant_1,D(P)4_after_final_H,0.7763671875,0.7763671875,1024
1,0.5,0,constant_1,no_error,1.0,1.0,1024
1,0.5,0,constant_1,D(P)1_before_H,0.7412109375,0.7412109375,1024
1,0.5,0,constant_1,D(P)2_after_first_H,0.7470703125,0.7470703125,1024
1,0.5,0,constant_1,D(P)3_after_oracle,0.78515625,0.78515625,1024
1,0.5,0,constant_1,D(P)4_after_final_H,0.755859375,0.755859375,1024
1,0.55,0,constant_1,no_error,1.0,1.0,1024
1,0.55,0,constant_1,D(P)1_before_H,0.7265625,0.7265625,1024
1,0.55,0,constant_1,D(P)2_after_first_H,0.7177734375,0.7177734375,1024
1,0.55,0,constant_1,D(P)3_after_oracle,0.71484375,0.71484375,1024
1,0.55,0,constant_1,D(P)4_after_final_H,0.705078125,0.705078125,1024
1,0.6000000000000001,0,constant_1,no_error,1.0,1.0,1024
1,0.6000000000000001,0,constant_1,D(P)1_before_H,0.6923828125,0.6923828125,1024
1,0.6000000000000001,0,constant_1,D(P)2_after_first_H,0.697265625,0.697265625,1024
1,0.6000000000000001,0,constant_1,D(P)3_after_oracle,0.7109375,0.7109375,1024
1,0.6000000000000001,0,constant_1,D(P)4_after_final_H,0.6904296875,0.6904296875,1024
1,0.65,0,constant_1,no_error,1.0,1.0,1024
1,0.65,0,constant_1,D(P)1_before_H,0.6865234375,0.6865234375,1024
1,0.65,0,constant_1,D(P)2_after_first_H,0.658203125,0.658203125,1024
1,0.65,0,constant_1,D(P)3_after_oracle,0.6875,0.6875,1024
1,0.65,0,constant_1,D(P)4_after_final_H,0.6630859375,0.6630859375,1024
1,0.7000000000000001,0,constant_1,no_error,1.0,1.0,1024
1,0.7000000000000001,0,constant_1,D(P)1_before_H,0.65625,0.65625,1024
1,0.7000000000000001,0,constant_1,D(P)2_after_first_H,0.654296875,0.654296875,1024
1,0.7000000000000001,0,constant_1,D(P)3_after_oracle,0.6474609375,0.6474609375,1024
1,0.7000000000000001,0,constant_1,D(P)4_after_final_H,0.681640625,0.681640625,1024
1,0.75,0,constant_1,no_error,1.0,1.0,1024
1,0.75,0,constant_1,D(P)1_before_H,0.638671875,0.638671875,1024
1,0.75,0,constant_1,D(P)2_after_first_H,0.611328125,0.611328125,1024
1,0.75,0,constant_1,D(P)3_after_oracle,0.650390625,0.650390625,1024
1,0.75,0,constant_1,D(P)4_after_final_H,0.6083984375,0.6083984375,1024
1,0.8,0,constant_1,no_error,1.0,1.0,1024
1,0.8,0,constant_1,D(P)1_before_H,0.611328125,0.611328125,1024
1,0.8,0,constant_1,D(P)2_after_first_H,0.583984375,0.583984375,1024
1,0.8,0,constant_1,D(P)3_after_oracle,0.5966796875,0.5966796875,1024
1,0.8,0,constant_1,D(P)4_after_final_H,0.59765625,0.59765625,1024
1,0.8500000000000001,0,constant_1,no_error,1.0,1.0,1024
1,0.8500000000000001,0,constant_1,D(P)1_before_H,0.5849609375,0.5849609375,1024
1,0.8500000000000001,0,constant_1,D(P)2_after_first_H,0.58203125,0.58203125,1024
1,0.8500000000000001,0,constant_1,D(P)3_after_oracle,0.57421875,0.57421875,1024
1,0.8500000000000001,0,constant_1,D(P)4_after_final_H,0.5625,0.5625,1024
1,0.9,0,constant_1,no_error,1.0,1.0,1024
1,0.9,0,constant_1,D(P)1_before_H,0.560546875,0.560546875,1024
1,0.9,0,constant_1,D(P)2_after_first_H,0.5537109375,0.5537109375,1024
1,0.9,0,constant_1,D(P)3_after_oracle,0.541015625,0.541015625,1024
1,0.9,0,constant_1,D(P)4_after_final_H,0.5390625,0.5390625,1024
1,0.9500000000000001,0,constant_1,no_error,1.0,1.0,1024
1,0.9500000000000001,0,constant_1,D(P)1_before_H,0.544921875,0.544921875,1024
1,0.9500000000000001,0,constant_1,D(P)2_after_first_H,0.4951171875,0.4951171875,1024
1,0.9500000000000001,0,constant_1,D(P)3_after_oracle,0.5166015625,0.5166015625,1024
1,0.9500000000000001,0,constant_1,D(P)4_after_final_H,0.5390625,0.5390625,1024
1,1.0,0,constant_1,no_error,1.0,1.0,1024
1,1.0,0,constant_1,D(P)1_before_H,0.5078125,0.5078125,1024
1,1.0,0,constant_1,D(P)2_after_first_H,0.458984375,0.458984375,1024
1,1.0,0,constant_1,D(P)3_after_oracle,0.50390625,0.50390625,1024
1,1.0,0,constant_1,D(P)4_after_final_H,0.513671875,0.513671875,1024
1,0.0,0,constant_0,no_error,1.0,1.0,1024
1,0.0,0,constant_0,D(P)1_before_H,1.0,1.0,1024
1,0.0,0,constant_0,D(P)2_after_first_H,1.0,1.0,1024
1,0.0,0,constant_0,D(P)3_after_oracle,1.0,1.0,1024
1,0.0,0,constant_0,D(P)4_after_final_H,1.0,1.0,1024
1,0.05,0,constant_0,no_error,1.0,1.0,1024
1,0.05,0,constant_0,D(P)1_before_H,0.9736328125,0.9736328125,1024
1,0.05,0,constant_0,D(P)2_after_first_H,0.974609375,0.974609375,1024
1,0.05,0,constant_0,D(P)3_after_oracle,0.9716796875,0.9716796875,1024
1,0.05,0,constant_0,D(P)4_after_final_H,0.9765625,0.9765625,1024
1,0.1,0,constant_0,no_error,1.0,1.0,1024
1,0.1,0,constant_0,D(P)1_before_H,0.947265625,0.947265625,1024
1,0.1,0,constant_0,D(P)2_after_first_H,0.9580078125,0.9580078125,1024
1,0.1,0,constant_0,D(P)3_after_oracle,0.943359375,0.943359375,1024
1,0.1,0,constant_0,D(P)4_after_final_H,0.9541015625,0.9541015625,1024
1,0.15000000000000002,0,constant_0,no_error,1.0,1.0,1024
1,0.15000000000000002,0,constant_0,D(P)1_before_H,0.9345703125,0.9345703125,1024
1,0.15000000000000002,0,constant_0,D(P)2_after_first_H,0.921875,0.921875,1024
1,0.15000000000000002,0,constant_0,D(P)3_after_oracle,0.947265625,0.947265625,1024
1,0.15000000000000002,0,constant_0,D(P)4_after_final_H,0.9208984375,0.9208984375,1024
1,0.2,0,constant_0,no_error,1.0,1.0,1024
1,0.2,0,constant_0,D(P)1_before_H,0.916015625,0.916015625,1024
1,0.2,0,constant_0,D(P)2_after_first_H,0.8994140625,0.8994140625,1024
1,0.2,0,constant_0,D(P)3_after_oracle,0.90234375,0.90234375,1024
1,0.2,0,constant_0,D(P)4_after_final_H,0.89453125,0.89453125,1024
1,0.25,0,constant_0,no_error,1.0,1.0,1024
1,0.25,0,constant_0,D(P)1_before_H,0.8896484375,0.8896484375,1024
1,0.25,0,constant_0,D(P)2_after_first_H,0.8955078125,0.8955078125,1024
1,0.25,0,constant_0,D(P)3_after_oracle,0.8916015625,0.8916015625,1024
1,0.25,0,constant_0,D(P)4_after_final_H,0.8955078125,0.8955078125,1024
1,0.30000000000000004,0,constant_0,no_error,1.0,1.0,1024
1,0.30000000000000004,0,constant_0,D(P)1_before_H,0.84765625,0.84765625,1024
1,0.30000000000000004,0,constant_0,D(P)2_after_first_H,0.8359375,0.8359375,1024
1,0.30000000000000004,0,constant_0,D(P)3_after_oracle,0.8740234375,0.8740234375,1024
1,0.30000000000000004,0,constant_0,D(P)4_after_final_H,0.859375,0.859375,1024
1,0.35000000000000003,0,constant_0,no_error,1.0,1.0,1024
1,0.35000000000000003,0,constant_0,D(P)1_before_H,0.8212890625,0.8212890625,1024
1,0.35000000000000003,0,constant_0,D(P)2_after_first_H,0.82421875,0.82421875,1024
1,0.35000000000000003,0,constant_0,D(P)3_after_oracle,0.837890625,0.837890625,1024
1,0.35000000000000003,0,constant_0,D(P)4_after_final_H,0.830078125,0.830078125,1024
1,0.4,0,constant_0,no_error,1.0,1.0,1024
1,0.4,0,constant_0,D(P)1_before_H,0.8076171875,0.8076171875,1024
1,0.4,0,constant_0,D(P)2_after_first_H,0.806640625,0.806640625,1024
1,0.4,0,constant_0,D(P)3_after_oracle,0.80859375,0.80859375,1024
1,0.4,0,constant_0,D(P)4_after_final_H,0.826171875,0.826171875,1024
1,0.45,0,constant_0,no_error,1.0,1.0,1024
1,0.45,0,constant_0,D(P)1_before_H,0.7890625,0.7890625,1024
1,0.45,0,constant_0,D(P)2_after_first_H,0.765625,0.765625,1024
1,0.45,0,constant_0,D(P)3_after_oracle,0.7646484375,0.7646484375,1024
1,0.45,0,constant_0,D(P)4_after_final_H,0.7900390625,0.7900390625,1024
1,0.5,0,constant_0,no_error,1.0,1.0,1024
1,0.5,0,constant_0,D(P)1_before_H,0.73828125,0.73828125,1024
1,0.5,0,constant_0,D(P)2_after_first_H,0.7646484375,0.7646484375,1024
1,0.5,0,constant_0,D(P)3_after_oracle,0.7646484375,0.7646484375,1024
1,0.5,0,constant_0,D(P)4_after_final_H,0.7421875,0.7421875,1024
1,0.55,0,constant_0,no_error,1.0,1.0,1024
1,0.55,0,constant_0,D(P)1_before_H,0.716796875,0.716796875,1024
1,0.55,0,constant_0,D(P)2_after_first_H,0.736328125,0.736328125,1024
1,0.55,0,constant_0,D(P)3_after_oracle,0.732421875,0.732421875,1024
1,0.55,0,constant_0,D(P)4_after_final_H,0.7109375,0.7109375,1024
1,0.6000000000000001,0,constant_0,no_error,1.0,1.0,1024
1,0.6000000000000001,0,constant_0,D(P)1_before_H,0.70703125,0.70703125,1024
1,0.6000000000000001,0,constant_0,D(P)2_after_first_H,0.703125,0.703125,1024
1,0.6000000000000001,0,constant_0,D(P)3_after_oracle,0.69140625,0.69140625,1024
1,0.6000000000000001,0,constant_0,D(P)4_after_final_H,0.701171875,0.701171875,1024
1,0.65,0,constant_0,no_error,1.0,1.0,1024
1,0.65,0,constant_0,D(P)1_before_H,0.685546875,0.685546875,1024
1,0.65,0,constant_0,D(P)2_after_first_H,0.6669921875,0.6669921875,1024
1,0.65,0,constant_0,D(P)3_after_oracle,0.689453125,0.689453125,1024
1,0.65,0,constant_0,D(P)4_after_final_H,0.6474609375,0.6474609375,1024
1,0.7000000000000001,0,constant_0,no_error,1.0,1.0,1024
1,0.7000000000000001,0,constant_0,D(P)1_before_H,0.658203125,0.658203125,1024
1,0.7000000000000001,0,constant_0,D(P)2_after_first_H,0.6552734375,0.6552734375,1024
1,0.7000000000000001,0,constant_0,D(P)3_after_oracle,0.6513671875,0.6513671875,1024
1,0.7000000000000001,0,constant_0,D(P)4_after_final_H,0.6416015625,0.6416015625,1024
1,0.75,0,constant_0,no_error,1.0,1.0,1024
1,0.75,0,constant_0,D(P)1_before_H,0.611328125,0.611328125,1024
1,0.75,0,constant_0,D(P)2_after_first_H,0.6162109375,0.6162109375,1024
1,0.75,0,constant_0,D(P)3_after_oracle,0.625,0.625,1024
1,0.75,0,constant_0,D(P)4_after_final_H,0.609375,0.609375,1024
1,0.8,0,constant_0,no_error,1.0,1.0,1024
1,0.8,0,constant_0,D(P)1_before_H,0.6123046875,0.6123046875,1024
1,0.8,0,constant_0,D(P)2_after_first_H,0.5810546875,0.5810546875,1024
1,0.8,0,constant_0,D(P)3_after_oracle,0.591796875,0.591796875,1024
1,0.8,0,constant_0,D(P)4_after_final_H,0.599609375,0.599609375,1024
1,0.8500000000000001,0,constant_0,no_error,1.0,1.0,1024
1,0.8500000000000001,0,constant_0,D(P)1_before_H,0.5830078125,0.5830078125,1024
1,0.8500000000000001,0,constant_0,D(P)2_after_first_H,0.587890625,0.587890625,1024
1,0.8500000000000001,0,constant_0,D(P)3_after_oracle,0.603515625,0.603515625,1024
1,0.8500000000000001,0,constant_0,D(P)4_after_final_H,0.5693359375,0.5693359375,1024
1,0.9,0,constant_0,no_error,1.0,1.0,1024
1,0.9,0,constant_0,D(P)1_before_H,0.5283203125,0.5283203125,1024
1,0.9,0,constant_0,D(P)2_after_first_H,0.56640625,0.56640625,1024
1,0.9,0,constant_0,D(P)3_after_oracle,0.5224609375,0.5224609375,1024
1,0.9,0,constant_0,D(P)4_after_final_H,0.544921875,0.544921875,1024
1,0.9500000000000001,0,constant_0,no_error,1.0,1.0,1024
1,0.9500000000000001,0,constant_0,D(P)1_before_H,0.5078125,0.5078125,1024
1,0.9500000000000001,0,constant_0,D(P)2_after_first_H,0.53515625,0.53515625,1024
1,0.9500000000000001,0,constant_0,D(P)3_after_oracle,0.5078125,0.5078125,1024
1,0.9500000000000001,0,constant_0,D(P)4_after_final_H,0.529296875,0.529296875,1024
1,1.0,0,constant_0,no_error,1.0,1.0,1024
1,1.0,0,constant_0,D(P)1_before_H,0.5009765625,0.5009765625,1024
1,1.0,0,constant_0,D(P)2_after_first_H,0.4990234375,0.4990234375,1024
1,1.0,0,constant_0,D(P)3_after_oracle,0.4921875,0.4921875,1024
1,1.0,0,constant_0,D(P)4_after_final_H,0.5,0.5,1024
1,0.0,0,balanced,no_error,0.0,1.0,1024
1,0.0,0,balanced,D(P)1_before_H,0.0,1.0,1024
1,0.0,0,balanced,D(P)2_after_first_H,0.0,1.0,1024
1,0.0,0,balanced,D(P)3_after_oracle,0.0,1.0,1024
1,0.0,0,balanced,D(P)4_after_final_H,0.0,1.0,1024
1,0.05,0,balanced,no_error,0.0,1.0,1024
1,0.05,0,balanced,D(P)1_before_H,0.025390625,0.974609375,1024
1,0.05,0,balanced,D(P)2_after_first_H,0.025390625,0.974609375,1024
1,0.05,0,balanced,D(P)3_after_oracle,0.025390625,0.974609375,1024
1,0.05,0,balanced,D(P)4_after_final_H,0.01953125,0.98046875,1024
1,0.1,0,balanced,no_error,0.0,1.0,1024
1,0.1,0,balanced,D(P)1_before_H,0.0537109375,0.9462890625,1024
1,0.1,0,balanced,D(P)2_after_first_H,0.0439453125,0.9560546875,1024
1,0.1,0,balanced,D(P)3_after_oracle,0.048828125,0.951171875,1024
1,0.1,0,balanced,D(P)4_after_final_H,0.0458984375,0.9541015625,1024
1,0.15000000000000002,0,balanced,no_error,0.0,1.0,1024
1,0.15000000000000002,0,balanced,D(P)1_before_H,0.0732421875,0.9267578125,1024
1,0.15000000000000002,0,balanced,D(P)2_after_first_H,0.078125,0.921875,1024
1,0.15000000000000002,0,balanced,D(P)3_after_oracle,0.0615234375,0.9384765625,1024
1,0.15000000000000002,0,balanced,D(P)4_after_final_H,0.0859375,0.9140625,1024
1,0.2,0,balanced,no_error,0.0,1.0,1024
1,0.2,0,balanced,D(P)1_before_H,0.09375,0.90625,1024
1,0.2,0,balanced,D(P)2_after_first_H,0.103515625,0.896484375,1024
1,0.2,0,balanced,D(P)3_after_oracle,0.115234375,0.884765625,1024
1,0.2,0,balanced,D(P)4_after_final_H,0.107421875,0.892578125,1024
1,0.25,0,balanced,no_error,0.0,1.0,1024
1,0.25,0,balanced,D(P)1_before_H,0.1181640625,0.8818359375,1024
1,0.25,0,balanced,D(P)2_after_first_H,0.1142578125,0.8857421875,1024
1,0.25,0,balanced,D(P)3_after_oracle,0.1357421875,0.8642578125,1024
1,0.25,0,balanced,D(P)4_after_final_H,0.1142578125,0.8857421875,1024
1,0.30000000000000004,0,balanced,no_error,0.0,1.0,1024
1,0.30000000000000004,0,balanced,D(P)1_before_H,0.1513671875,0.8486328125,1024
1,0.30000000000000004,0,balanced,D(P)2_after_first_H,0.169921875,0.830078125,1024
1,0.30000000000000004,0,balanced,D(P)3_after_oracle,0.1455078125,0.8544921875,1024
1,0.30000000000000004,0,balanced,D(P)4_after_final_H,0.1650390625,0.8349609375,1024
1,0.35000000000000003,0,balanced,no_error,0.0,1.0,1024
1,0.35000000000000003,0,balanced,D(P)1_before_H,0.20703125,0.79296875,1024
1,0.35000000000000003,0,balanced,D(P)2_after_first_H,0.1611328125,0.8388671875,1024
1,0.35000000000000003,0,balanced,D(P)3_after_oracle,0.16015625,0.83984375,1024
1,0.35000000000000003,0,balanced,D(P)4_after_final_H,0.1826171875,0.8173828125,1024
1,0.4,0,balanced,no_error,0.0,1.0,1024
1,0.4,0,balanced,D(P)1_before_H,0.19921875,0.80078125,1024
1,0.4,0,balanced,D(P)2_after_first_H,0.197265625,0.802734375,1024
1,0.4,0,balanced,D(P)3_after_oracle,0.208984375,0.791015625,1024
1,0.4,0,balanced,D(P)4_after_final_H,0.2197265625,0.7802734375,1024
1,0.45,0,balanced,no_error,0.0,1.0,1024
1,0.45,0,balanced,D(P)1_before_H,0.220703125,0.779296875,1024
1,0.45,0,balanced,D(P)2_after_first_H,0.208984375,0.791015625,1024
1,0.45,0,balanced,D(P)3_after_oracle,0.2412109375,0.7587890625,1024
1,0.45,0,balanced,D(P)4_after_final_H,0.2138671875,0.7861328125,1024
1,0.5,0,balanced,no_error,0.0,1.0,1024
1,0.5,0,balanced,D(P)1_before_H,0.2548828125,0.7451171875,1024
1,0.5,0,balanced,D(P)2_after_first_H,0.2802734375,0.7197265625,1024
1,0.5,0,balanced,D(P)3_after_oracle,0.2392578125,0.7607421875,1024
1,0.5,0,balanced,D(P)4_after_final_H,0.26171875,0.73828125,1024
1,0.55,0,balanced,no_error,0.0,1.0,1024
1,0.55,0,balanced,D(P)1_before_H,0.298828125,0.701171875,1024
1,0.55,0,balanced,D(P)2_after_first_H,0.2861328125,0.7138671875,1024
1,0.55,0,balanced,D(P)3_after_oracle,0.2666015625,0.7333984375,1024
1,0.55,0,balanced,D(P)4_after_final_H,0.2861328125,0.7138671875,1024
1,0.6000000000000001,0,balanced,no_error,0.0,1.0,1024
1,0.6000000000000001,0,balanced,D(P)1_before_H,0.2998046875,0.7001953125,1024
1,0.6000000000000001,0,balanced,D(P)2_after_first_H,0.3173828125,0.6826171875,1024
1,0.6000000000000001,0,balanced,D(P)3_after_oracle,0.2939453125,0.7060546875,1024
1,0.6000000000000001,0,balanced,D(P)4_after_final_H,0.27734375,0.72265625,1024
1,0.65,0,balanced,no_error,0.0,1.0,1024
1,0.65,0,balanced,D(P)1_before_H,0.35546875,0.64453125,1024
1,0.65,0,balanced,D(P)2_after_first_H,0.3525390625,0.6474609375,1024
1,0.65,0,balanced,D(P)3_after_oracle,0.365234375,0.634765625,1024
1,0.65,0,balanced,D(P)4_after_final_H,0.3349609375,0.6650390625,1024
1,0.7000000000000001,0,balanced,no_error,0.0,1.0,1024
1,0.7000000000000001,0,balanced,D(P)1_before_H,0.33984375,0.66015625,1024
1,0.7000000000000001,0,balanced,D(P)2_after_first_H,0.337890625,0.662109375,1024
1,0.7000000000000001,0,balanced,D(P)3_after_oracle,0.353515625,0.646484375,1024
1,0.7000000000000001,0,balanced,D(P)4_after_final_H,0.359375,0.640625,1024
1,0.75,0,balanced,no_error,0.0,1.0,1024
1,0.75,0,balanced,D(P)1_before_H,0.37890625,0.62109375,1024
1,0.75,0,balanced,D(P)2_after_first_H,0.3515625,0.6484375,1024
1,0.75,0,balanced,D(P)3_after_oracle,0.3876953125,0.6123046875,1024
1,0.75,0,balanced,D(P)4_after_final_H,0.373046875,0.626953125,1024
1,0.8,0,balanced,no_error,0.0,1.0,1024
1,0.8,0,balanced,D(P)1_before_H,0.375,0.625,1024
1,0.8,0,balanced,D(P)2_after_first_H,0.408203125,0.591796875,1024
1,0.8,0,balanced,D(P)3_after_oracle,0.423828125,0.576171875,1024
1,0.8,0,balanced,D(P)4_after_final_H,0.3994140625,0.6005859375,1024
1,0.8500000000000001,0,balanced,no_error,0.0,1.0,1024
1,0.8500000000000001,0,balanced,D(P)1_before_H,0.44140625,0.55859375,1024
1,0.8500000000000001,0,balanced,D(P)2_after_first_H,0.412109375,0.587890625,1024
1,0.8500000000000001,0,balanced,D(P)3_after_oracle,0.3994140625,0.6005859375,1024
1,0.8500000000000001,0,balanced,D(P)4_after_final_H,0.41796875,0.58203125,1024
1,0.9,0,balanced,no_error,0.0,1.0,1024
1,0.9,0,balanced,D(P)1_before_H,0.44140625,0.55859375,1024
1,0.9,0,balanced,D(P)2_after_first_H,0.44140625,0.55859375,1024
1,0.9,0,balanced,D(P)3_after_oracle,0.451171875,0.548828125,1024
1,0.9,0,balanced,D(P)4_after_final_H,0.455078125,0.544921875,1024
1,0.9500000000000001,0,balanced,no_error,0.0,1.0,1024
1,0.9500000000000001,0,balanced,D(P)1_before_H,0.4912109375,0.5087890625,1024
1,0.9500000000000001,0,balanced,D(P)2_after_first_H,0.4541015625,0.5458984375,1024
1,0.9500000000000001,0,balanced,D(P)3_after_oracle,0.482421875,0.517578125,1024
1,0.9500000000000001,0,balanced,D(P)4_after_final_H,0.46875,0.53125,1024
1,1.0,0,balanced,no_error,0.0,1.0,1024
1,1.0,0,balanced,D(P)1_before_H,0.509765625,0.490234375,1024
1,1.0,0,balanced,D(P)2_after_first_H,0.4794921875,0.5205078125,1024
1,1.0,0,balanced,D(P)3_after_oracle,0.505859375,0.494140625,1024
1,1.0,0,balanced,D(P)4_after_final_H,0.513671875,0.486328125,1024
3,0.0,1,constant_1,no_error,1.0,1.0,1024
3,0.0,1,constant_1,D(P)1_before_H,1.0,1.0,1024
3,0.0,1,constant_1,D(P)2_after_first_H,1.0,1.0,1024
3,0.0,1,constant_1,D(P)3_after_oracle,1.0,1.0,1024
3,0.0,1,constant_1,D(P)4_after_final_H,1.0,1.0,1024
3,0.05,1,constant_1,no_error,1.0,1.0,1024
3,0.05,1,constant_1,D(P)1_before_H,0.9765625,0.9765625,1024
3,0.05,1,constant_1,D(P)2_after_first_H,0.9755859375,0.9755859375,1024
3,0.05,1,constant_1,D(P)3_after_oracle,0.978515625,0.978515625,1024
3,0.05,1,constant_1,D(P)4_after_final_H,0.9794921875,0.9794921875,1024
3,0.1,1,constant_1,no_error,1.0,1.0,1024
3,0.1,1,constant_1,D(P)1_before_H,0.9453125,0.9453125,1024
3,0.1,1,constant_1,D(P)2_after_first_H,0.9384765625,0.9384765625,1024
3,0.1,1,constant_1,D(P)3_after_oracle,0.953125,0.953125,1024
3,0.1,1,constant_1,D(P)4_after_final_H,0.953125,0.953125,1024
3,0.15000000000000002,1,constant_1,no_error,1.0,1.0,1024
3,0.15000000000000002,1,constant_1,D(P)1_before_H,0.9306640625,0.9306640625,1024
3,0.15000000000000002,1,constant_1,D(P)2_after_first_H,0.923828125,0.923828125,1024
3,0.15000000000000002,1,constant_1,D(P)3_after_oracle,0.9140625,0.9140625,1024
3,0.15000000000000002,1,constant_1,D(P)4_after_final_H,0.9345703125,0.9345703125,1024
3,0.2,1,constant_1,no_error,1.0,1.0,1024
3,0.2,1,constant_1,D(P)1_before_H,0.8974609375,0.8974609375,1024
3,0.2,1,constant_1,D(P)2_after_first_H,0.90234375,0.90234375,1024
3,0.2,1,constant_1,D(P)3_after_oracle,0.9052734375,0.9052734375,1024
3,0.2,1,constant_1,D(P)4_after_final_H,0.9150390625,0.9150390625,1024
3,0.25,1,constant_1,no_error,1.0,1.0,1024
3,0.25,1,constant_1,D(P)1_before_H,0.87890625,0.87890625,1024
3,0.25,1,constant_1,D(P)2_after_first_H,0.8779296875,0.8779296875,1024
3,0.25,1,constant_1,D(P)3_after_oracle,0.87890625,0.87890625,1024
3,0.25,1,constant_1,D(P)4_after_final_H,0.8525390625,0.8525390625,1024
3,0.30000000000000004,1,constant_1,no_error,1.0,1.0,1024
3,0.30000000000000004,1,constant_1,D(P)1_before_H,0.8564453125,0.8564453125,1024
3,0.30000000000000004,1,constant_1,D(P)2_after_first_H,0.8525390625,0.8525390625,1024
3,0.30000000000000004,1,constant_1,D(P)3_after_oracle,0.8349609375,0.8349609375,1024
3,0.30000000000000004,1,constant_1,D(P)4_after_final_H,0.845703125,0.845703125,1024
3,0.35000000000000003,1,constant_1,no_error,1.0,1.0,1024
3,0.35000000000000003,1,constant_1,D(P)1_before_H,0.8388671875,0.8388671875,1024
3,0.35000000000000003,1,constant_1,D(P)2_after_first_H,0.8359375,0.8359375,1024
3,0.35000000000000003,1,constant_1,D(P)3_after_oracle,0.8310546875,0.8310546875,1024
3,0.35000000000000003,1,constant_1,D(P)4_after_final_H,0.8310546875,0.8310546875,1024
3,0.4,1,constant_1,no_error,1.0,1.0,1024
3,0.4,1,constant_1,D(P)1_before_H,0.7822265625,0.7822265625,1024
3,0.4,1,constant_1,D(P)2_after_first_H,0.798828125,0.798828125,1024
3,0.4,1,constant_1,D(P)3_after_oracle,0.80078125,0.80078125,1024
3,0.4,1,constant_1,D(P)4_after_final_H,0.783203125,0.783203125,1024
3,0.45,1,constant_1,no_error,1.0,1.0,1024
3,0.45,1,constant_1,D(P)1_before_H,0.76953125,0.76953125,1024
3,0.45,1,constant_1,D(P)2_after_first_H,0.7548828125,0.7548828125,1024
3,0.45,1,constant_1,D(P)3_after_oracle,0.7890625,0.7890625,1024
3,0.45,1,constant_1,D(P)4_after_final_H,0.7802734375,0.7802734375,1024
3,0.5,1,constant_1,no_error,1.0,1.0,1024
3,0.5,1,constant_1,D(P)1_before_H,0.759765625,0.759765625,1024
3,0.5,1,constant_1,D(P)2_after_first_H,0.7470703125,0.7470703125,1024
3,0.5,1,constant_1,D(P)3_after_oracle,0.724609375,0.724609375,1024
3,0.5,1,constant_1,D(P)4_after_final_H,0.7578125,0.7578125,1024
3,0.55,1,constant_1,no_error,1.0,1.0,1024
3,0.55,1,constant_1,D(P)1_before_H,0.73828125,0.73828125,1024
3,0.55,1,constant_1,D(P)2_after_first_H,0.720703125,0.720703125,1024
3,0.55,1,constant_1,D(P)3_after_oracle,0.7021484375,0.7021484375,1024
3,0.55,1,constant_1,D(P)4_after_final_H,0.720703125,0.720703125,1024
3,0.6000000000000001,1,constant_1,no_error,1.0,1.0,1024
3,0.6000000000000001,1,constant_1,D(P)1_before_H,0.7099609375,0.7099609375,1024
3,0.6000000000000001,1,constant_1,D(P)2_after_first_H,0.69921875,0.69921875,1024
3,0.6000000000000001,1,constant_1,D(P)3_after_oracle,0.69140625,0.69140625,1024
3,0.6000000000000001,1,constant_1,D(P)4_after_final_H,0.697265625,0.697265625,1024
3,0.65,1,constant_1,no_error,1.0,1.0,1024
3,0.65,1,constant_1,D(P)1_before_H,0.6923828125,0.6923828125,1024
3,0.65,1,constant_1,D(P)2_after_first_H,0.6728515625,0.6728515625,1024
3,0.65,1,constant_1,D(P)3_after_oracle,0.6611328125,0.6611328125,1024
3,0.65,1,constant_1,D(P)4_after_final_H,0.6748046875,0.6748046875,1024
3,0.7000000000000001,1,constant_1,no_error,1.0,1.0,1024
3,0.7000000000000001,1,constant_1,D(P)1_before_H,0.6787109375,0.6787109375,1024
3,0.7000000000000001,1,constant_1,D(P)2_after_first_H,0.63671875,0.63671875,1024
3,0.7000000000000001,1,constant_1,D(P)3_after_oracle,0.6611328125,0.6611328125,1024
3,0.7000000000000001,1,constant_1,D(P)4_after_final_H,0.6494140625,0.6494140625,1024
3,0.75,1,constant_1,no_error,1.0,1.0,1024
3,0.75,1,constant_1,D(P)1_before_H,0.6298828125,0.6298828125,1024
3,0.75,1,constant_1,D(P)2_after_first_H,0.609375,0.609375,1024
3,0.75,1,constant_1,D(P)3_after_oracle,0.630859375,0.630859375,1024
3,0.75,1,constant_1,D(P)4_after_final_H,0.6435546875,0.6435546875,1024
3,0.8,1,constant_1,no_error,1.0,1.0,1024
3,0.8,1,constant_1,D(P)1_before_H,0.599609375,0.599609375,1024
3,0.8,1,constant_1,D(P)2_after_first_H,0.6005859375,0.6005859375,1024
3,0.8,1,constant_1,D(P)3_after_oracle,0.619140625,0.619140625,1024
3,0.8,1,constant_1,D(P)4_after_final_H,0.611328125,0.611328125,1024
3,0.8500000000000001,1,constant_1,no_error,1.0,1.0,1024
3,0.8500000000000001,1,constant_1,D(P)1_before_H,0.5927734375,0.5927734375,1024
3,0.8500000000000001,1,constant_1,D(P)2_after_first_H,0.580078125,0.580078125,1024
3,0.8500000000000001,1,constant_1,D(P)3_after_oracle,0.580078125,0.580078125,1024
3,0.8500000000000001,1,constant_1,D(P)4_after_final_H,0.5693359375,0.5693359375,1024
3,0.9,1,constant_1,no_error,1.0,1.0,1024
3,0.9,1,constant_1,D(P)1_before_H,0.5439453125,0.5439453125,1024
3,0.9,1,constant_1,D(P)2_after_first_H,0.55078125,0.55078125,1024
3,0.9,1,constant_1,D(P)3_after_oracle,0.556640625,0.556640625,1024
3,0.9,1,constant_1,D(P)4_after_final_H,0.5283203125,0.5283203125,1024
3,0.9500000000000001,1,constant_1,no_error,1.0,1.0,1024
3,0.9500000000000001,1,constant_1,D(P)1_before_H,0.5126953125,0.5126953125,1024
3,0.9500000000000001,1,constant_1,D(P)2_after_first_H,0.51953125,0.51953125,1024
3,0.9500000000000001,1,constant_1,D(P)3_after_oracle,0.5380859375,0.5380859375,1024
3,0.9500000000000001,1,constant_1,D(P)4_after_final_H,0.525390625,0.525390625,1024
3,1.0,1,constant_1,no_error,1.0,1.0,1024
3,1.0,1,constant_1,D(P)1_before_H,0.4931640625,0.4931640625,1024
3,1.0,1,constant_1,D(P)2_after_first_H,0.4990234375,0.4990234375,1024
3,1.0,1,constant_1,D(P)3_after_oracle,0.48828125,0.48828125,1024
3,1.0,1,constant_1,D(P)4_after_final_H,0.5166015625,0.5166015625,1024
3,0.0,1,constant_0,no_error,1.0,1.0,1024
3,0.0,1,constant_0,D(P)1_before_H,1.0,1.0,1024
3,0.0,1,constant_0,D(P)2_after_first_H,1.0,1.0,1024
3,0.0,1,constant_0,D(P)3_after_oracle,1.0,1.0,1024
3,0.0,1,constant_0,D(P)4_after_final_H,1.0,1.0,1024
3,0.05,1,constant_0,no_error,1.0,1.0,1024
3,0.05,1,constant_0,D(P)1_before_H,0.97265625,0.97265625,1024
3,0.05,1,constant_0,D(P)2_after_first_H,0.970703125,0.970703125,1024
3,0.05,1,constant_0,D(P)3_after_oracle,0.970703125,0.970703125,1024
3,0.05,1,constant_0,D(P)4_after_final_H,0.966796875,0.966796875,1024
3,0.1,1,constant_0,no_error,1.0,1.0,1024
3,0.1,1,constant_0,D(P)1_before_H,0.94140625,0.94140625,1024
3,0.1,1,constant_0,D(P)2_after_first_H,0.9462890625,0.9462890625,1024
3,0.1,1,constant_0,D(P)3_after_oracle,0.9599609375,0.9599609375,1024
3,0.1,1,constant_0,D(P)4_after_final_H,0.9560546875,0.9560546875,1024
3,0.15000000000000002,1,constant_0,no_error,1.0,1.0,1024
3,0.15000000000000002,1,constant_0,D(P)1_before_H,0.916015625,0.916015625,1024
3,0.15000000000000002,1,constant_0,D(P)2_after_first_H,0.91015625,0.91015625,1024
3,0.15000000000000002,1,constant_0,D(P)3_after_oracle,0.9423828125,0.9423828125,1024
3,0.15000000000000002,1,constant_0,D(P)4_after_final_H,0.9111328125,0.9111328125,1024
3,0.2,1,constant_0,no_error,1.0,1.0,1024
3,0.2,1,constant_0,D(P)1_before_H,0.904296875,0.904296875,1024
3,0.2,1,constant_0,D(P)2_after_first_H,0.89453125,0.89453125,1024
3,0.2,1,constant_0,D(P)3_after_oracle,0.8955078125,0.8955078125,1024
3,0.2,1,constant_0,D(P)4_after_final_H,0.890625,0.890625,1024
3,0.25,1,constant_0,no_error,1.0,1.0,1024
3,0.25,1,constant_0,D(P)1_before_H,0.8759765625,0.8759765625,1024
3,0.25,1,constant_0,D(P)2_after_first_H,0.8740234375,0.8740234375,1024
3,0.25,1,constant_0,D(P)3_after_oracle,0.9013671875,0.9013671875,1024
3,0.25,1,constant_0,D(P)4_after_final_H,0.876953125,0.876953125,1024
3,0.30000000000000004,1,constant_0,no_error,1.0,1.0,1024
3,0.30000000000000004,1,constant_0,D(P)1_before_H,0.8466796875,0.8466796875,1024
3,0.30000000000000004,1,constant_0,D(P)2_after_first_H,0.86328125,0.86328125,1024
3,0.30000000000000004,1,constant_0,D(P)3_after_oracle,0.84765625,0.84765625,1024
3,0.30000000000000004,1,constant_0,D(P)4_after_final_H,0.8544921875,0.8544921875,1024
3,0.35000000000000003,1,constant_0,no_error,1.0,1.0,1024
3,0.35000000000000003,1,constant_0,D(P)1_before_H,0.82421875,0.82421875,1024
3,0.35000000000000003,1,constant_0,D(P)2_after_first_H,0.818359375,0.818359375,1024
3,0.35000000000000003,1,constant_0,D(P)3_after_oracle,0.8291015625,0.8291015625,1024
3,0.35000000000000003,1,constant_0,D(P)4_after_final_H,0.837890625,0.837890625,1024
3,0.4,1,constant_0,no_error,1.0,1.0,1024
3,0.4,1,constant_0,D(P)1_before_H,0.78515625,0.78515625,1024
3,0.4,1,constant_0,D(P)2_after_first_H,0.8037109375,0.8037109375,1024
3,0.4,1,constant_0,D(P)3_after_oracle,0.82421875,0.82421875,1024
3,0.4,1,constant_0,D(P)4_after_final_H,0.7939453125,0.7939453125,1024
3,0.45,1,constant_0,no_error,1.0,1.0,1024
3,0.45,1,constant_0,D(P)1_before_H,0.7578125,0.7578125,1024
3,0.45,1,constant_0,D(P)2_after_first_H,0.75,0.75,1024
3,0.45,1,constant_0,D(P)3_after_oracle,0.767578125,0.767578125,1024
3,0.45,1,constant_0,D(P)4_after_final_H,0.7421875,0.7421875,1024
3,0.5,1,constant_0,no_error,1.0,1.0,1024
3,0.5,1,constant_0,D(P)1_before_H,0.7431640625,0.7431640625,1024
3,0.5,1,constant_0,D(P)2_after_first_H,0.7509765625,0.7509765625,1024
3,0.5,1,constant_0,D(P)3_after_oracle,0.76171875,0.76171875,1024
3,0.5,1,constant_0,D(P)4_after_final_H,0.7666015625,0.7666015625,1024
3,0.55,1,constant_0,no_error,1.0,1.0,1024
3,0.55,1,constant_0,D(P)1_before_H,0.7451171875,0.7451171875,1024
3,0.55,1,constant_0,D(P)2_after_first_H,0.7177734375,0.7177734375,1024
3,0.55,1,constant_0,D(P)3_after_oracle,0.7109375,0.7109375,1024
3,0.55,1,constant_0,D(P)4_after_final_H,0.720703125,0.720703125,1024
3,0.6000000000000001,1,constant_0,no_error,1.0,1.0,1024
3,0.6000000000000001,1,constant_0,D(P)1_before_H,0.708984375,0.708984375,1024
3,0.6000000000000001,1,constant_0,D(P)2_after_first_H,0.7109375,0.7109375,1024
3,0.6000000000000001,1,constant_0,D(P)3_after_oracle,0.69140625,0.69140625,1024
3,0.6000000000000001,1,constant_0,D(P)4_after_final_H,0.7060546875,0.7060546875,1024
3,0.65,1,constant_0,no_error,1.0,1.0,1024
3,0.65,1,constant_0,D(P)1_before_H,0.6650390625,0.6650390625,1024
3,0.65,1,constant_0,D(P)2_after_first_H,0.685546875,0.685546875,1024
3,0.65,1,constant_0,D(P)3_after_oracle,0.6650390625,0.6650390625,1024
3,0.65,1,constant_0,D(P)4_after_final_H,0.6767578125,0.6767578125,1024
3,0.7000000000000001,1,constant_0,no_error,1.0,1.0,1024
3,0.7000000000000001,1,constant_0,D(P)1_before_H,0.6591796875,0.6591796875,1024
3,0.7000000000000001,1,constant_0,D(P)2_after_first_H,0.65625,0.65625,1024
3,0.7000000000000001,1,constant_0,D(P)3_after_oracle,0.6455078125,0.6455078125,1024
3,0.7000000000000001,1,constant_0,D(P)4_after_final_H,0.6826171875,0.6826171875,1024
3,0.75,1,constant_0,no_error,1.0,1.0,1024
3,0.75,1,constant_0,D(P)1_before_H,0.6171875,0.6171875,1024
3,0.75,1,constant_0,D(P)2_after_first_H,0.62109375,0.62109375,1024
3,0.75,1,constant_0,D(P)3_after_oracle,0.6171875,0.6171875,1024
3,0.75,1,constant_0,D(P)4_after_final_H,0.6015625,0.6015625,1024
3,0.8,1,constant_0,no_error,1.0,1.0,1024
3,0.8,1,constant_0,D(P)1_before_H,0.6171875,0.6171875,1024
3,0.8,1,constant_0,D(P)2_after_first_H,0.6201171875,0.6201171875,1024
3,0.8,1,constant_0,D(P)3_after_oracle,0.5966796875,0.5966796875,1024
3,0.8,1,constant_0,D(P)4_after_final_H,0.5654296875,0.5654296875,1024
3,0.8500000000000001,1,constant_0,no_error,1.0,1.0,1024
3,0.8500000000000001,1,constant_0,D(P)1_before_H,0.56640625,0.56640625,1024
3,0.8500000000000001,1,constant_0,D(P)2_after_first_H,0.580078125,0.580078125,1024
3,0.8500000000000001,1,constant_0,D(P)3_after_oracle,0.5546875,0.5546875,1024
3,0.8500000000000001,1,constant_0,D(P)4_after_final_H,0.5791015625,0.5791015625,1024
3,0.9,1,constant_0,no_error,1.0,1.0,1024
3,0.9,1,constant_0,D(P)1_before_H,0.5380859375,0.5380859375,1024
3,0.9,1,constant_0,D(P)2_after_first_H,0.525390625,0.525390625,1024
3,0.9,1,constant_0,D(P)3_after_oracle,0.55078125,0.55078125,1024
3,0.9,1,constant_0,D(P)4_after_final_H,0.53125,0.53125,1024
3,0.9500000000000001,1,constant_0,no_error,1.0,1.0,1024
3,0.9500000000000001,1,constant_0,D(P)1_before_H,0.552734375,0.552734375,1024
3,0.9500000000000001,1,constant_0,D(P)2_after_first_H,0.5078125,0.5078125,1024
3,0.9500000000000001,1,constant_0,D(P)3_after_oracle,0.5341796875,0.5341796875,1024
3,0.9500000000000001,1,constant_0,D(P)4_after_final_H,0.5244140625,0.5244140625,1024
3,1.0,1,constant_0,no_error,1.0,1.0,1024
3,1.0,1,constant_0,D(P)1_before_H,0.5185546875,0.5185546875,1024
3,1.0,1,constant_0,D(P)2_after_first_H,0.4990234375,0.4990234375,1024
3,1.0,1,constant_0,D(P)3_after_oracle,0.517578125,0.517578125,1024
3,1.0,1,constant_0,D(P)4_after_final_H,0.498046875,0.498046875,1024
3,0.0,1,balanced,no_error,0.0,1.0,1024
3,0.0,1,balanced,D(P)1_before_H,0.0,1.0,1024
3,0.0,1,balanced,D(P)2_after_first_H,0.0,1.0,1024
3,0.0,1,balanced,D(P)3_after_oracle,0.0,1.0,1024
3,0.0,1,balanced,D(P)4_after_final_H,0.0,1.0,1024
3,0.05,1,balanced,no_error,0.0,1.0,1024
3,0.05,1,balanced,D(P)1_before_H,0.0,1.0,1024
3,0.05,1,balanced,D(P)2_after_first_H,0.0,1.0,1024
3,0.05,1,balanced,D(P)3_after_oracle,0.0,1.0,1024
3,0.05,1,balanced,D(P)4_after_final_H,0.0,1.0,1024
3,0.1,1,balanced,no_error,0.0,1.0,1024
3,0.1,1,balanced,D(P)1_before_H,0.0,1.0,1024
3,0.1,1,balanced,D(P)2_after_first_H,0.0,1.0,1024
3,0.1,1,balanced,D(P)3_after_oracle,0.0,1.0,1024
3,0.1,1,balanced,D(P)4_after_final_H,0.0,1.0,1024
3,0.15000000000000002,1,balanced,no_error,0.0,1.0,1024
3,0.15000000000000002,1,balanced,D(P)1_before_H,0.0,1.0,1024
3,0.15000000000000002,1,balanced,D(P)2_after_first_H,0.0,1.0,1024
3,0.15000000000000002,1,balanced,D(P)3_after_oracle,0.0,1.0,1024
3,0.15000000000000002,1,balanced,D(P)4_after_final_H,0.0,1.0,1024
3,0.2,1,balanced,no_error,0.0,1.0,1024
3,0.2,1,balanced,D(P)1_before_H,0.0,1.0,1024
3,0.2,1,balanced,D(P)2_after_first_H,0.0,1.0,1024
3,0.2,1,balanced,D(P)3_after_oracle,0.0,1.0,1024
3,0.2,1,balanced,D(P)4_after_final_H,0.0,1.0,1024
3,0.25,1,balanced,no_error,0.0,1.0,1024
3,0.25,1,balanced,D(P)1_before_H,0.0,1.0,1024
3,0.25,1,balanced,D(P)2_after_first_H,0.0,1.0,1024
3,0.25,1,balanced,D(P)3_after_oracle,0.0,1.0,1024
3,0.25,1,balanced,D(P)4_after_final_H,0.0,1.0,1024
3,0.30000000000000004,1,balanced,no_error,0.0,1.0,1024
3,0.30000000000000004,1,balanced,D(P)1_before_H,0.0,1.0,1024
3,0.30000000000000004,1,balanced,D(P)2_after_first_H,0.0,1.0,1024
3,0.30000000000000004,1,balanced,D(P)3_after_oracle,0.0,1.0,1024
3,0.30000000000000004,1,balanced,D(P)4_after_final_H,0.0,1.0,1024
3,0.35000000000000003,1,balanced,no_error,0.0,1.0,1024
3,0.35000000000000003,1,balanced,D(P)1_before_H,0.0,1.0,1024
3,0.35000000000000003,1,balanced,D(P)2_after_first_H,0.0,1.0,1024
3,0.35000000000000003,1,balanced,D(P)3_after_oracle,0.0,1.0,1024
3,0.35000000000000003,1,balanced,D(P)4_after_final_H,0.0,1.0,1024
3,0.4,1,balanced,no_error,0.0,1.0,1024
3,0.4,1,balanced,D(P)1_before_H,0.0,1.0,1024
3,0.4,1,balanced,D(P)2_after_first_H,0.0,1.0,1024
3,0.4,1,balanced,D(P)3_after_oracle,0.0,1.0,1024
3,0.4,1,balanced,D(P)4_after_final_H,0.0,1.0,1024
3,0.45,1,balanced,no_error,0.0,1.0,1024
3,0.45,1,balanced,D(P)1_before_H,0.0,1.0,1024
3,0.45,1,balanced,D(P)2_after_first_H,0.0,1.0,1024
3,0.45,1,balanced,D(P)3_after_oracle,0.0,1.0,1024
3,0.45,1,balanced,D(P)4_after_final_H,0.0,1.0,1024
3,0.5,1,balanced,no_error,0.0,1.0,1024
3,0.5,1,balanced,D(P)1_before_H,0.0,1.0,1024
3,0.5,1,balanced,D(P)2_after_first_H,0.0,1.0,1024
3,0.5,1,balanced,D(P)3_after_oracle,0.0,1.0,1024
3,0.5,1,balanced,D(P)4_after_final_H,0.0,1.0,1024
3,0.55,1,balanced,no_error,0.0,1.0,1024
3,0.55,1,balanced,D(P)1_before_H,0.0,1.0,1024
3,0.55,1,balanced,D(P)2_after_first_H,0.0,1.0,1024
3,0.55,1,balanced,D(P)3_after_oracle,0.0,1.0,1024
3,0.55,1,balanced,D(P)4_after_final_H,0.0,1.0,1024
3,0.6000000000000001,1,balanced,no_error,0.0,1.0,1024
3,0.6000000000000001,1,balanced,D(P)1_before_H,0.0,1.0,1024
3,0.6000000000000001,1,balanced,D(P)2_after_first_H,0.0,1.0,1024
3,0.6000000000000001,1,balanced,D(P)3_after_oracle,0.0,1.0,1024
3,0.6000000000000001,1,balanced,D(P)4_after_final_H,0.0,1.0,1024
3,0.65,1,balanced,no_error,0.0,1.0,1024
3,0.65,1,balanced,D(P)1_before_H,0.0,1.0,1024
3,0.65,1,balanced,D(P)2_after_first_H,0.0,1.0,1024
3,0.65,1,balanced,D(P)3_after_oracle,0.0,1.0,1024
3,0.65,1,balanced,D(P)4_after_final_H,0.0,1.0,1024
3,0.7000000000000001,1,balanced,no_error,0.0,1.0,1024
3,0.7000000000000001,1,balanced,D(P)1_before_H,0.0,1.0,1024
3,0.7000000000000001,1,balanced,D(P)2_after_first_H,0.0,1.0,1024
3,0.7000000000000001,1,balanced,D(P)3_after_oracle,0.0,1.0,1024
3,0.7000000000000001,1,balanced,D(P)4_after_final_H,0.0,1.0,1024
3,0.75,1,balanced,no_error,0.0,1.0,1024
3,0.75,1,balanced,D(P)1_before_H,0.0,1.0,1024
3,0.75,1,balanced,D(P)2_after_first_H,0.0,1.0,1024
3,0.75,1,balanced,D(P)3_after_oracle,0.0,1.0,1024
3,0.75,1,balanced,D(P)4_after_final_H,0.0,1.0,1024
3,0.8,1,balanced,no_error,0.0,1.0,1024
3,0.8,1,balanced,D(P)1_before_H,0.0,1.0,1024
3,0.8,1,balanced,D(P)2_after_first_H,0.0,1.0,1024
3,0.8,1,balanced,D(P)3_after_oracle,0.0,1.0,1024
3,0.8,1,balanced,D(P)4_after_final_H,0.0,1.0,1024
3,0.8500000000000001,1,balanced,no_error,0.0,1.0,1024
3,0.8500000000000001,1,balanced,D(P)1_before_H,0.0,1.0,1024
3,0.8500000000000001,1,balanced,D(P)2_after_first_H,0.0,1.0,1024
3,0.8500000000000001,1,balanced,D(P)3_after_oracle,0.0,1.0,1024
3,0.8500000000000001,1,balanced,D(P)4_after_final_H,0.0,1.0,1024
3,0.9,1,balanced,no_error,0.0,1.0,1024
3,0.9,1,balanced,D(P)1_before_H,0.0,1.0,1024
3,0.9,1,balanced,D(P)2_after_first_H,0.0,1.0,1024
3,0.9,1,balanced,D(P)3_after_oracle,0.0,1.0,1024
3,0.9,1,balanced,D(P)4_after_final_H,0.0,1.0,1024
3,0.9500000000000001,1,balanced,no_error,0.0,1.0,1024
3,0.9500000000000001,1,balanced,D(P)1_before_H,0.0,1.0,1024
3,0.9500000000000001,1,balanced,D(P)2_after_first_H,0.0,1.0,1024
3,0.9500000000000001,1,balanced,D(P)3_after_oracle,0.0,1.0,1024
3,0.9500000000000001,1,balanced,D(P)4_after_final_H,0.0,1.0,1024
3,1.0,1,balanced,no_error,0.0,1.0,1024
3,1.0,1,balanced,D(P)1_before_H,0.0,1.0,1024
3,1.0,1,balanced,D(P)2_after_first_H,0.0,1.0,1024
3,1.0,1,balanced,D(P)3_after_oracle,0.0,1.0,1024
3,1.0,1,balanced,D(P)4_after_final_H,0.0,1.0,1024
5,0.0,2,constant_1,no_error,1.0,1.0,1024
5,0.0,2,constant_1,D(P)1_before_H,1.0,1.0,1024
5,0.0,2,constant_1,D(P)2_after_first_H,1.0,1.0,1024
5,0.0,2,constant_1,D(P)3_after_oracle,1.0,1.0,1024
5,0.0,2,constant_1,D(P)4_after_final_H,1.0,1.0,1024
5,0.05,2,constant_1,no_error,1.0,1.0,1024
5,0.05,2,constant_1,D(P)1_before_H,0.966796875,0.966796875,1024
5,0.05,2,constant_1,D(P)2_after_first_H,0.9677734375,0.9677734375,1024
5,0.05,2,constant_1,D(P)3_after_oracle,0.974609375,0.974609375,1024
5,0.05,2,constant_1,D(P)4_after_final_H,0.978515625,0.978515625,1024
5,0.1,2,constant_1,no_error,1.0,1.0,1024
5,0.1,2,constant_1,D(P)1_before_H,0.9365234375,0.9365234375,1024
5,0.1,2,constant_1,D(P)2_after_first_H,0.9306640625,0.9306640625,1024
5,0.1,2,constant_1,D(P)3_after_oracle,0.951171875,0.951171875,1024
5,0.1,2,constant_1,D(P)4_after_final_H,0.9580078125,0.9580078125,1024
5,0.15000000000000002,2,constant_1,no_error,1.0,1.0,1024
5,0.15000000000000002,2,constant_1,D(P)1_before_H,0.9267578125,0.9267578125,1024
5,0.15000000000000002,2,constant_1,D(P)2_after_first_H,0.9375,0.9375,1024
5,0.15000000000000002,2,constant_1,D(P)3_after_oracle,0.927734375,0.927734375,1024
5,0.15000000000000002,2,constant_1,D(P)4_after_final_H,0.9365234375,0.9365234375,1024
5,0.2,2,constant_1,no_error,1.0,1.0,1024
5,0.2,2,constant_1,D(P)1_before_H,0.908203125,0.908203125,1024
5,0.2,2,constant_1,D(P)2_after_first_H,0.8994140625,0.8994140625,1024
5,0.2,2,constant_1,D(P)3_after_oracle,0.908203125,0.908203125,1024
5,0.2,2,constant_1,D(P)4_after_final_H,0.88671875,0.88671875,1024
5,0.25,2,constant_1,no_error,1.0,1.0,1024
5,0.25,2,constant_1,D(P)1_before_H,0.873046875,0.873046875,1024
5,0.25,2,constant_1,D(P)2_after_first_H,0.884765625,0.884765625,1024
5,0.25,2,constant_1,D(P)3_after_oracle,0.8876953125,0.8876953125,1024
5,0.25,2,constant_1,D(P)4_after_final_H,0.8671875,0.8671875,1024
5,0.30000000000000004,2,constant_1,no_error,1.0,1.0,1024
5,0.30000000000000004,2,constant_1,D(P)1_before_H,0.8466796875,0.8466796875,1024
5,0.30000000000000004,2,constant_1,D(P)2_after_first_H,0.8701171875,0.8701171875,1024
5,0.30000000000000004,2,constant_1,D(P)3_after_oracle,0.8330078125,0.8330078125,1024
5,0.30000000000000004,2,constant_1,D(P)4_after_final_H,0.853515625,0.853515625,1024
5,0.35000000000000003,2,constant_1,no_error,1.0,1.0,1024
5,0.35000000000000003,2,constant_1,D(P)1_before_H,0.8291015625,0.8291015625,1024
5,0.35000000000000003,2,constant_1,D(P)2_after_first_H,0.833984375,0.833984375,1024
5,0.35000000000000003,2,constant_1,D(P)3_after_oracle,0.8232421875,0.8232421875,1024
5,0.35000000000000003,2,constant_1,D(P)4_after_final_H,0.8212890625,0.8212890625,1024
5,0.4,2,constant_1,no_error,1.0,1.0,1024
5,0.4,2,constant_1,D(P)1_before_H,0.7763671875,0.7763671875,1024
5,0.4,2,constant_1,D(P)2_after_first_H,0.7861328125,0.7861328125,1024
5,0.4,2,constant_1,D(P)3_after_oracle,0.794921875,0.794921875,1024
5,0.4,2,constant_1,D(P)4_after_final_H,0.787109375,0.787109375,1024
5,0.45,2,constant_1,no_error,1.0,1.0,1024
5,0.45,2,constant_1,D(P)1_before_H,0.7724609375,0.7724609375,1024
5,0.45,2,constant_1,D(P)2_after_first_H,0.7568359375,0.7568359375,1024
5,0.45,2,constant_1,D(P)3_after_oracle,0.7900390625,0.7900390625,1024
5,0.45,2,constant_1,D(P)4_after_final_H,0.7763671875,0.7763671875,1024
5,0.5,2,constant_1,no_error,1.0,1.0,1024
5,0.5,2,constant_1,D(P)1_before_H,0.7490234375,0.7490234375,1024
5,0.5,2,constant_1,D(P)2_after_first_H,0.748046875,0.748046875,1024
5,0.5,2,constant_1,D(P)3_after_oracle,0.7666015625,0.7666015625,1024
5,0.5,2,constant_1,D(P)4_after_final_H,0.740234375,0.740234375,1024
5,0.55,2,constant_1,no_error,1.0,1.0,1024
5,0.55,2,constant_1,D(P)1_before_H,0.7353515625,0.7353515625,1024
5,0.55,2,constant_1,D(P)2_after_first_H,0.744140625,0.744140625,1024
5,0.55,2,constant_1,D(P)3_after_oracle,0.7255859375,0.7255859375,1024
5,0.55,2,constant_1,D(P)4_after_final_H,0.7177734375,0.7177734375,1024
5,0.6000000000000001,2,constant_1,no_error,1.0,1.0,1024
5,0.6000000000000001,2,constant_1,D(P)1_before_H,0.6845703125,0.6845703125,1024
5,0.6000000000000001,2,constant_1,D(P)2_after_first_H,0.724609375,0.724609375,1024
5,0.6000000000000001,2,constant_1,D(P)3_after_oracle,0.7138671875,0.7138671875,1024
5,0.6000000000000001,2,constant_1,D(P)4_after_final_H,0.703125,0.703125,1024
5,0.65,2,constant_1,no_error,1.0,1.0,1024
5,0.65,2,constant_1,D(P)1_before_H,0.6513671875,0.6513671875,1024
5,0.65,2,constant_1,D(P)2_after_first_H,0.666015625,0.666015625,1024
5,0.65,2,constant_1,D(P)3_after_oracle,0.6767578125,0.6767578125,1024
5,0.65,2,constant_1,D(P)4_after_final_H,0.68359375,0.68359375,1024
5,0.7000000000000001,2,constant_1,no_error,1.0,1.0,1024
5,0.7000000000000001,2,constant_1,D(P)1_before_H,0.662109375,0.662109375,1024
5,0.7000000000000001,2,constant_1,D(P)2_after_first_H,0.6591796875,0.6591796875,1024
5,0.7000000000000001,2,constant_1,D(P)3_after_oracle,0.669921875,0.669921875,1024
5,0.7000000000000001,2,constant_1,D(P)4_after_final_H,0.6416015625,0.6416015625,1024
5,0.75,2,constant_1,no_error,1.0,1.0,1024
5,0.75,2,constant_1,D(P)1_before_H,0.63671875,0.63671875,1024
5,0.75,2,constant_1,D(P)2_after_first_H,0.6376953125,0.6376953125,1024
5,0.75,2,constant_1,D(P)3_after_oracle,0.6298828125,0.6298828125,1024
5,0.75,2,constant_1,D(P)4_after_final_H,0.6123046875,0.6123046875,1024
5,0.8,2,constant_1,no_error,1.0,1.0,1024
5,0.8,2,constant_1,D(P)1_before_H,0.5869140625,0.5869140625,1024
5,0.8,2,constant_1,D(P)2_after_first_H,0.6015625,0.6015625,1024
5,0.8,2,constant_1,D(P)3_after_oracle,0.5947265625,0.5947265625,1024
5,0.8,2,constant_1,D(P)4_after_final_H,0.6220703125,0.6220703125,1024
5,0.8500000000000001,2,constant_1,no_error,1.0,1.0,1024
5,0.8500000000000001,2,constant_1,D(P)1_before_H,0.572265625,0.572265625,1024
5,0.8500000000000001,2,constant_1,D(P)2_after_first_H,0.5908203125,0.5908203125,1024
5,0.8500000000000001,2,constant_1,D(P)3_after_oracle,0.546875,0.546875,1024
5,0.8500000000000001,2,constant_1,D(P)4_after_final_H,0.5849609375,0.5849609375,1024
5,0.9,2,constant_1,no_error,1.0,1.0,1024
5,0.9,2,constant_1,D(P)1_before_H,0.548828125,0.548828125,1024
5,0.9,2,constant_1,D(P)2_after_first_H,0.5439453125,0.5439453125,1024
5,0.9,2,constant_1,D(P)3_after_oracle,0.56640625,0.56640625,1024
5,0.9,2,constant_1,D(P)4_after_final_H,0.556640625,0.556640625,1024
5,0.9500000000000001,2,constant_1,no_error,1.0,1.0,1024
5,0.9500000000000001,2,constant_1,D(P)1_before_H,0.5087890625,0.5087890625,1024
5,0.9500000000000001,2,constant_1,D(P)2_after_first_H,0.5205078125,0.5205078125,1024
5,0.9500000000000001,2,constant_1,D(P)3_after_oracle,0.5126953125,0.5126953125,1024
5,0.9500000000000001,2,constant_1,D(P)4_after_final_H,0.5390625,0.5390625,1024
5,1.0,2,constant_1,no_error,1.0,1.0,1024
5,1.0,2,constant_1,D(P)1_before_H,0.4853515625,0.4853515625,1024
5,1.0,2,constant_1,D(P)2_after_first_H,0.4873046875,0.4873046875,1024
5,1.0,2,constant_1,D(P)3_after_oracle,0.4912109375,0.4912109375,1024
5,1.0,2,constant_1,D(P)4_after_final_H,0.533203125,0.533203125,1024
5,0.0,2,constant_0,no_error,1.0,1.0,1024
5,0.0,2,constant_0,D(P)1_before_H,1.0,1.0,1024
5,0.0,2,constant_0,D(P)2_after_first_H,1.0,1.0,1024
5,0.0,2,constant_0,D(P)3_after_oracle,1.0,1.0,1024
5,0.0,2,constant_0,D(P)4_after_final_H,1.0,1.0,1024
5,0.05,2,constant_0,no_error,1.0,1.0,1024
5,0.05,2,constant_0,D(P)1_before_H,0.9794921875,0.9794921875,1024
5,0.05,2,constant_0,D(P)2_after_first_H,0.9775390625,0.9775390625,1024
5,0.05,2,constant_0,D(P)3_after_oracle,0.9638671875,0.9638671875,1024
5,0.05,2,constant_0,D(P)4_after_final_H,0.970703125,0.970703125,1024
5,0.1,2,constant_0,no_error,1.0,1.0,1024
5,0.1,2,constant_0,D(P)1_before_H,0.9404296875,0.9404296875,1024
5,0.1,2,constant_0,D(P)2_after_first_H,0.9423828125,0.9423828125,1024
5,0.1,2,constant_0,D(P)3_after_oracle,0.9599609375,0.9599609375,1024
5,0.1,2,constant_0,D(P)4_after_final_H,0.947265625,0.947265625,1024
5,0.15000000000000002,2,constant_0,no_error,1.0,1.0,1024
5,0.15000000000000002,2,constant_0,D(P)1_before_H,0.9189453125,0.9189453125,1024
5,0.15000000000000002,2,constant_0,D(P)2_after_first_H,0.943359375,0.943359375,1024
5,0.15000000000000002,2,constant_0,D(P)3_after_oracle,0.927734375,0.927734375,1024
5,0.15000000000000002,2,constant_0,D(P)4_after_final_H,0.916015625,0.916015625,1024
5,0.2,2,constant_0,no_error,1.0,1.0,1024
5,0.2,2,constant_0,D(P)1_before_H,0.8994140625,0.8994140625,1024
5,0.2,2,constant_0,D(P)2_after_first_H,0.9033203125,0.9033203125,1024
5,0.2,2,constant_0,D(P)3_after_oracle,0.9140625,0.9140625,1024
5,0.2,2,constant_0,D(P)4_after_final_H,0.892578125,0.892578125,1024
5,0.25,2,constant_0,no_error,1.0,1.0,1024
5,0.25,2,constant_0,D(P)1_before_H,0.8798828125,0.8798828125,1024
5,0.25,2,constant_0,D(P)2_after_first_H,0.8916015625,0.8916015625,1024
5,0.25,2,constant_0,D(P)3_after_oracle,0.865234375,0.865234375,1024
5,0.25,2,constant_0,D(P)4_after_final_H,0.8662109375,0.8662109375,1024
5,0.30000000000000004,2,constant_0,no_error,1.0,1.0,1024
5,0.30000000000000004,2,constant_0,D(P)1_before_H,0.8642578125,0.8642578125,1024
5,0.30000000000000004,2,constant_0,D(P)2_after_first_H,0.8671875,0.8671875,1024
5,0.30000000000000004,2,constant_0,D(P)3_after_oracle,0.853515625,0.853515625,1024
5,0.30000000000000004,2,constant_0,D(P)4_after_final_H,0.853515625,0.853515625,1024
5,0.35000000000000003,2,constant_0,no_error,1.0,1.0,1024
5,0.35000000000000003,2,constant_0,D(P)1_before_H,0.841796875,0.841796875,1024
5,0.35000000000000003,2,constant_0,D(P)2_after_first_H,0.830078125,0.830078125,1024
5,0.35000000000000003,2,constant_0,D(P)3_after_oracle,0.810546875,0.810546875,1024
5,0.35000000000000003,2,constant_0,D(P)4_after_final_H,0.83203125,0.83203125,1024
5,0.4,2,constant_0,no_error,1.0,1.0,1024
5,0.4,2,constant_0,D(P)1_before_H,0.8017578125,0.8017578125,1024
5,0.4,2,constant_0,D(P)2_after_first_H,0.796875,0.796875,1024
5,0.4,2,constant_0,D(P)3_after_oracle,0.8134765625,0.8134765625,1024
5,0.4,2,constant_0,D(P)4_after_final_H,0.7919921875,0.7919921875,1024
5,0.45,2,constant_0,no_error,1.0,1.0,1024
5,0.45,2,constant_0,D(P)1_before_H,0.7802734375,0.7802734375,1024
5,0.45,2,constant_0,D(P)2_after_first_H,0.7626953125,0.7626953125,1024
5,0.45,2,constant_0,D(P)3_after_oracle,0.783203125,0.783203125,1024
5,0.45,2,constant_0,D(P)4_after_final_H,0.7744140625,0.7744140625,1024
5,0.5,2,constant_0,no_error,1.0,1.0,1024
5,0.5,2,constant_0,D(P)1_before_H,0.775390625,0.775390625,1024
5,0.5,2,constant_0,D(P)2_after_first_H,0.74609375,0.74609375,1024
5,0.5,2,constant_0,D(P)3_after_oracle,0.7353515625,0.7353515625,1024
5,0.5,2,constant_0,D(P)4_after_final_H,0.7294921875,0.7294921875,1024
5,0.55,2,constant_0,no_error,1.0,1.0,1024
5,0.55,2,constant_0,D(P)1_before_H,0.734375,0.734375,1024
5,0.55,2,constant_0,D(P)2_after_first_H,0.75390625,0.75390625,1024
5,0.55,2,constant_0,D(P)3_after_oracle,0.73828125,0.73828125,1024
5,0.55,2,constant_0,D(P)4_after_final_H,0.732421875,0.732421875,1024
5,0.6000000000000001,2,constant_0,no_error,1.0,1.0,1024
5,0.6000000000000001,2,constant_0,D(P)1_before_H,0.697265625,0.697265625,1024
5,0.6000000000000001,2,constant_0,D(P)2_after_first_H,0.6826171875,0.6826171875,1024
5,0.6000000000000001,2,constant_0,D(P)3_after_oracle,0.728515625,0.728515625,1024
5,0.6000000000000001,2,constant_0,D(P)4_after_final_H,0.7001953125,0.7001953125,1024
5,0.65,2,constant_0,no_error,1.0,1.0,1024
5,0.65,2,constant_0,D(P)1_before_H,0.6826171875,0.6826171875,1024
5,0.65,2,constant_0,D(P)2_after_first_H,0.6689453125,0.6689453125,1024
5,0.65,2,constant_0,D(P)3_after_oracle,0.6767578125,0.6767578125,1024
5,0.65,2,constant_0,D(P)4_after_final_H,0.6806640625,0.6806640625,1024
5,0.7000000000000001,2,constant_0,no_error,1.0,1.0,1024
5,0.7000000000000001,2,constant_0,D(P)1_before_H,0.662109375,0.662109375,1024
5,0.7000000000000001,2,constant_0,D(P)2_after_first_H,0.65234375,0.65234375,1024
5,0.7000000000000001,2,constant_0,D(P)3_after_oracle,0.65234375,0.65234375,1024
5,0.7000000000000001,2,constant_0,D(P)4_after_final_H,0.6611328125,0.6611328125,1024
5,0.75,2,constant_0,no_error,1.0,1.0,1024
5,0.75,2,constant_0,D(P)1_before_H,0.625,0.625,1024
5,0.75,2,constant_0,D(P)2_after_first_H,0.630859375,0.630859375,1024
5,0.75,2,constant_0,D(P)3_after_oracle,0.6201171875,0.6201171875,1024
5,0.75,2,constant_0,D(P)4_after_final_H,0.61328125,0.61328125,1024
5,0.8,2,constant_0,no_error,1.0,1.0,1024
5,0.8,2,constant_0,D(P)1_before_H,0.5771484375,0.5771484375,1024
5,0.8,2,constant_0,D(P)2_after_first_H,0.5927734375,0.5927734375,1024
5,0.8,2,constant_0,D(P)3_after_oracle,0.5908203125,0.5908203125,1024
5,0.8,2,constant_0,D(P)4_after_final_H,0.59765625,0.59765625,1024
5,0.8500000000000001,2,constant_0,no_error,1.0,1.0,1024
5,0.8500000000000001,2,constant_0,D(P)1_before_H,0.55078125,0.55078125,1024
5,0.8500000000000001,2,constant_0,D(P)2_after_first_H,0.560546875,0.560546875,1024
5,0.8500000000000001,2,constant_0,D(P)3_after_oracle,0.58984375,0.58984375,1024
5,0.8500000000000001,2,constant_0,D(P)4_after_final_H,0.578125,0.578125,1024
5,0.9,2,constant_0,no_error,1.0,1.0,1024
5,0.9,2,constant_0,D(P)1_before_H,0.5400390625,0.5400390625,1024
5,0.9,2,constant_0,D(P)2_after_first_H,0.5419921875,0.5419921875,1024
5,0.9,2,constant_0,D(P)3_after_oracle,0.5546875,0.5546875,1024
5,0.9,2,constant_0,D(P)4_after_final_H,0.5498046875,0.5498046875,1024
5,0.9500000000000001,2,constant_0,no_error,1.0,1.0,1024
5,0.9500000000000001,2,constant_0,D(P)1_before_H,0.515625,0.515625,1024
5,0.9500000000000001,2,constant_0,D(P)2_after_first_H,0.546875,0.546875,1024
5,0.9500000000000001,2,constant_0,D(P)3_after_oracle,0.5166015625,0.5166015625,1024
5,0.9500000000000001,2,constant_0,D(P)4_after_final_H,0.5205078125,0.5205078125,1024
5,1.0,2,constant_0,no_error,1.0,1.0,1024
5,1.0,2,constant_0,D(P)1_before_H,0.5029296875,0.5029296875,1024
5,1.0,2,constant_0,D(P)2_after_first_H,0.5107421875,0.5107421875,1024
5,1.0,2,constant_0,D(P)3_after_oracle,0.4716796875,0.4716796875,1024
5,1.0,2,constant_0,D(P)4_after_final_H,0.51953125,0.51953125,1024
5,0.0,2,balanced,no_error,0.0,1.0,1024
5,0.0,2,balanced,D(P)1_before_H,0.0,1.0,1024
5,0.0,2,balanced,D(P)2_after_first_H,0.0,1.0,1024
5,0.0,2,balanced,D(P)3_after_oracle,0.0,1.0,1024
5,0.0,2,balanced,D(P)4_after_final_H,0.0,1.0,1024
5,0.05,2,balanced,no_error,0.0,1.0,1024
5,0.05,2,balanced,D(P)1_before_H,0.0,1.0,1024
5,0.05,2,balanced,D(P)2_after_first_H,0.0,1.0,1024
5,0.05,2,balanced,D(P)3_after_oracle,0.0,1.0,1024
5,0.05,2,balanced,D(P)4_after_final_H,0.0,1.0,1024
5,0.1,2,balanced,no_error,0.0,1.0,1024
5,0.1,2,balanced,D(P)1_before_H,0.0,1.0,1024
5,0.1,2,balanced,D(P)2_after_first_H,0.0,1.0,1024
5,0.1,2,balanced,D(P)3_after_oracle,0.0,1.0,1024
5,0.1,2,balanced,D(P)4_after_final_H,0.0,1.0,1024
5,0.15000000000000002,2,balanced,no_error,0.0,1.0,1024
5,0.15000000000000002,2,balanced,D(P)1_before_H,0.0,1.0,1024
5,0.15000000000000002,2,balanced,D(P)2_after_first_H,0.0,1.0,1024
5,0.15000000000000002,2,balanced,D(P)3_after_oracle,0.0,1.0,1024
5,0.15000000000000002,2,balanced,D(P)4_after_final_H,0.0,1.0,1024
5,0.2,2,balanced,no_error,0.0,1.0,1024
5,0.2,2,balanced,D(P)1_before_H,0.0,1.0,1024
5,0.2,2,balanced,D(P)2_after_first_H,0.0,1.0,1024
5,0.2,2,balanced,D(P)3_after_oracle,0.0,1.0,1024
5,0.2,2,balanced,D(P)4_after_final_H,0.0,1.0,1024
5,0.25,2,balanced,no_error,0.0,1.0,1024
5,0.25,2,balanced,D(P)1_before_H,0.0,1.0,1024
5,0.25,2,balanced,D(P)2_after_first_H,0.0,1.0,1024
5,0.25,2,balanced,D(P)3_after_oracle,0.0,1.0,1024
5,0.25,2,balanced,D(P)4_after_final_H,0.0,1.0,1024
5,0.30000000000000004,2,balanced,no_error,0.0,1.0,1024
5,0.30000000000000004,2,balanced,D(P)1_before_H,0.0,1.0,1024
5,0.30000000000000004,2,balanced,D(P)2_after_first_H,0.0,1.0,1024
5,0.30000000000000004,2,balanced,D(P)3_after_oracle,0.0,1.0,1024
5,0.30000000000000004,2,balanced,D(P)4_after_final_H,0.0,1.0,1024
5,0.35000000000000003,2,balanced,no_error,0.0,1.0,1024
5,0.35000000000000003,2,balanced,D(P)1_before_H,0.0,1.0,1024
5,0.35000000000000003,2,balanced,D(P)2_after_first_H,0.0,1.0,1024
5,0.35000000000000003,2,balanced,D(P)3_after_oracle,0.0,1.0,1024
5,0.35000000000000003,2,balanced,D(P)4_after_final_H,0.0,1.0,1024
5,0.4,2,balanced,no_error,0.0,1.0,1024
5,0.4,2,balanced,D(P)1_before_H,0.0,1.0,1024
5,0.4,2,balanced,D(P)2_after_first_H,0.0,1.0,1024
5,0.4,2,balanced,D(P)3_after_oracle,0.0,1.0,1024
5,0.4,2,balanced,D(P)4_after_final_H,0.0,1.0,1024
5,0.45,2,balanced,no_error,0.0,1.0,1024
5,0.45,2,balanced,D(P)1_before_H,0.0,1.0,1024
5,0.45,2,balanced,D(P)2_after_first_H,0.0,1.0,1024
5,0.45,2,balanced,D(P)3_after_oracle,0.0,1.0,1024
5,0.45,2,balanced,D(P)4_after_final_H,0.0,1.0,1024
5,0.5,2,balanced,no_error,0.0,1.0,1024
5,0.5,2,balanced,D(P)1_before_H,0.0,1.0,1024
5,0.5,2,balanced,D(P)2_after_first_H,0.0,1.0,1024
5,0.5,2,balanced,D(P)3_after_oracle,0.0,1.0,1024
5,0.5,2,balanced,D(P)4_after_final_H,0.0,1.0,1024
5,0.55,2,balanced,no_error,0.0,1.0,1024
5,0.55,2,balanced,D(P)1_before_H,0.0,1.0,1024
5,0.55,2,balanced,D(P)2_after_first_H,0.0,1.0,1024
5,0.55,2,balanced,D(P)3_after_oracle,0.0,1.0,1024
5,0.55,2,balanced,D(P)4_after_final_H,0.0,1.0,1024
5,0.6000000000000001,2,balanced,no_error,0.0,1.0,1024
5,0.6000000000000001,2,balanced,D(P)1_before_H,0.0,1.0,1024
5,0.6000000000000001,2,balanced,D(P)2_after_first_H,0.0,1.0,1024
5,0.6000000000000001,2,balanced,D(P)3_after_oracle,0.0,1.0,1024
5,0.6000000000000001,2,balanced,D(P)4_after_final_H,0.0,1.0,1024
5,0.65,2,balanced,no_error,0.0,1.0,1024
5,0.65,2,balanced,D(P)1_before_H,0.0,1.0,1024
5,0.65,2,balanced,D(P)2_after_first_H,0.0,1.0,1024
5,0.65,2,balanced,D(P)3_after_oracle,0.0,1.0,1024
5,0.65,2,balanced,D(P)4_after_final_H,0.0,1.0,1024
5,0.7000000000000001,2,balanced,no_error,0.0,1.0,1024
5,0.7000000000000001,2,balanced,D(P)1_before_H,0.0,1.0,1024
5,0.7000000000000001,2,balanced,D(P)2_after_first_H,0.0,1.0,1024
5,0.7000000000000001,2,balanced,D(P)3_after_oracle,0.0,1.0,1024
5,0.7000000000000001,2,balanced,D(P)4_after_final_H,0.0,1.0,1024
5,0.75,2,balanced,no_error,0.0,1.0,1024
5,0.75,2,balanced,D(P)1_before_H,0.0,1.0,1024
5,0.75,2,balanced,D(P)2_after_first_H,0.0,1.0,1024
5,0.75,2,balanced,D(P)3_after_oracle,0.0,1.0,1024
5,0.75,2,balanced,D(P)4_after_final_H,0.0,1.0,1024
5,0.8,2,balanced,no_error,0.0,1.0,1024
5,0.8,2,balanced,D(P)1_before_H,0.0,1.0,1024
5,0.8,2,balanced,D(P)2_after_first_H,0.0,1.0,1024
5,0.8,2,balanced,D(P)3_after_oracle,0.0,1.0,1024
5,0.8,2,balanced,D(P)4_after_final_H,0.0,1.0,1024
5,0.8500000000000001,2,balanced,no_error,0.0,1.0,1024
5,0.8500000000000001,2,balanced,D(P)1_before_H,0.0,1.0,1024
5,0.8500000000000001,2,balanced,D(P)2_after_first_H,0.0,1.0,1024
5,0.8500000000000001,2,balanced,D(P)3_after_oracle,0.0,1.0,1024
5,0.8500000000000001,2,balanced,D(P)4_after_final_H,0.0,1.0,1024
5,0.9,2,balanced,no_error,0.0,1.0,1024
5,0.9,2,balanced,D(P)1_before_H,0.0,1.0,1024
5,0.9,2,balanced,D(P)2_after_first_H,0.0,1.0,1024
5,0.9,2,balanced,D(P)3_after_oracle,0.0,1.0,1024
5,0.9,2,balanced,D(P)4_after_final_H,0.0,1.0,1024
5,0.9500000000000001,2,balanced,no_error,0.0,1.0,1024
5,0.9500000000000001,2,balanced,D(P)1_before_H,0.0,1.0,1024
5,0.9500000000000001,2,balanced,D(P)2_after_first_H,0.0,1.0,1024
5,0.9500000000000001,2,balanced,D(P)3_after_oracle,0.0,1.0,1024
5,0.9500000000000001,2,balanced,D(P)4_after_final_H,0.0,1.0,1024
5,1.0,2,balanced,no_error,0.0,1.0,1024
5,1.0,2,balanced,D(P)1_before_H,0.0,1.0,1024
5,1.0,2,balanced,D(P)2_after_first_H,0.0,1.0,1024
5,1.0,2,balanced,D(P)3_after_oracle,0.0,1.0,1024
5,1.0,2,balanced,D(P)4_after_final_H,0.0,1.0,1024
7,0.0,3,constant_1,no_error,1.0,1.0,1024
7,0.0,3,constant_1,D(P)1_before_H,1.0,1.0,1024
7,0.0,3,constant_1,D(P)2_after_first_H,1.0,1.0,1024
7,0.0,3,constant_1,D(P)3_after_oracle,1.0,1.0,1024
7,0.0,3,constant_1,D(P)4_after_final_H,1.0,1.0,1024
7,0.05,3,constant_1,no_error,1.0,1.0,1024
7,0.05,3,constant_1,D(P)1_before_H,0.982421875,0.982421875,1024
7,0.05,3,constant_1,D(P)2_after_first_H,0.9716796875,0.9716796875,1024
7,0.05,3,constant_1,D(P)3_after_oracle,0.9765625,0.9765625,1024
7,0.05,3,constant_1,D(P)4_after_final_H,0.9736328125,0.9736328125,1024
7,0.1,3,constant_1,no_error,1.0,1.0,1024
7,0.1,3,constant_1,D(P)1_before_H,0.9453125,0.9453125,1024
7,0.1,3,constant_1,D(P)2_after_first_H,0.943359375,0.943359375,1024
7,0.1,3,constant_1,D(P)3_after_oracle,0.94921875,0.94921875,1024
7,0.1,3,constant_1,D(P)4_after_final_H,0.9482421875,0.9482421875,1024
7,0.15000000000000002,3,constant_1,no_error,1.0,1.0,1024
7,0.15000000000000002,3,constant_1,D(P)1_before_H,0.927734375,0.927734375,1024
7,0.15000000000000002,3,constant_1,D(P)2_after_first_H,0.9130859375,0.9130859375,1024
7,0.15000000000000002,3,constant_1,D(P)3_after_oracle,0.9443359375,0.9443359375,1024
7,0.15000000000000002,3,constant_1,D(P)4_after_final_H,0.9296875,0.9296875,1024
7,0.2,3,constant_1,no_error,1.0,1.0,1024
7,0.2,3,constant_1,D(P)1_before_H,0.8798828125,0.8798828125,1024
7,0.2,3,constant_1,D(P)2_after_first_H,0.9189453125,0.9189453125,1024
7,0.2,3,constant_1,D(P)3_after_oracle,0.8837890625,0.8837890625,1024
7,0.2,3,constant_1,D(P)4_after_final_H,0.9072265625,0.9072265625,1024
7,0.25,3,constant_1,no_error,1.0,1.0,1024
7,0.25,3,constant_1,D(P)1_before_H,0.890625,0.890625,1024
7,0.25,3,constant_1,D(P)2_after_first_H,0.8837890625,0.8837890625,1024
7,0.25,3,constant_1,D(P)3_after_oracle,0.8759765625,0.8759765625,1024
7,0.25,3,constant_1,D(P)4_after_final_H,0.875,0.875,1024
7,0.30000000000000004,3,constant_1,no_error,1.0,1.0,1024
7,0.30000000000000004,3,constant_1,D(P)1_before_H,0.8447265625,0.8447265625,1024
7,0.30000000000000004,3,constant_1,D(P)2_after_first_H,0.8447265625,0.8447265625,1024
7,0.30000000000000004,3,constant_1,D(P)3_after_oracle,0.837890625,0.837890625,1024
7,0.30000000000000004,3,constant_1,D(P)4_after_final_H,0.86328125,0.86328125,1024
7,0.35000000000000003,3,constant_1,no_error,1.0,1.0,1024
7,0.35000000000000003,3,constant_1,D(P)1_before_H,0.8310546875,0.8310546875,1024
7,0.35000000000000003,3,constant_1,D(P)2_after_first_H,0.82421875,0.82421875,1024
7,0.35000000000000003,3,constant_1,D(P)3_after_oracle,0.826171875,0.826171875,1024
7,0.35000000000000003,3,constant_1,D(P)4_after_final_H,0.83984375,0.83984375,1024
7,0.4,3,constant_1,no_error,1.0,1.0,1024
7,0.4,3,constant_1,D(P)1_before_H,0.7685546875,0.7685546875,1024
7,0.4,3,constant_1,D(P)2_after_first_H,0.802734375,0.802734375,1024
7,0.4,3,constant_1,D(P)3_after_oracle,0.8125,0.8125,1024
7,0.4,3,constant_1,D(P)4_after_final_H,0.8037109375,0.8037109375,1024
7,0.45,3,constant_1,no_error,1.0,1.0,1024
7,0.45,3,constant_1,D(P)1_before_H,0.8046875,0.8046875,1024
7,0.45,3,constant_1,D(P)2_after_first_H,0.7705078125,0.7705078125,1024
7,0.45,3,constant_1,D(P)3_after_oracle,0.77734375,0.77734375,1024
7,0.45,3,constant_1,D(P)4_after_final_H,0.7490234375,0.7490234375,1024
7,0.5,3,constant_1,no_error,1.0,1.0,1024
7,0.5,3,constant_1,D(P)1_before_H,0.7509765625,0.7509765625,1024
7,0.5,3,constant_1,D(P)2_after_first_H,0.7470703125,0.7470703125,1024
7,0.5,3,constant_1,D(P)3_after_oracle,0.7568359375,0.7568359375,1024
7,0.5,3,constant_1,D(P)4_after_final_H,0.7236328125,0.7236328125,1024
7,0.55,3,constant_1,no_error,1.0,1.0,1024
7,0.55,3,constant_1,D(P)1_before_H,0.697265625,0.697265625,1024
7,0.55,3,constant_1,D(P)2_after_first_H,0.7041015625,0.7041015625,1024
7,0.55,3,constant_1,D(P)3_after_oracle,0.712890625,0.712890625,1024
7,0.55,3,constant_1,D(P)4_after_final_H,0.701171875,0.701171875,1024
7,0.6000000000000001,3,constant_1,no_error,1.0,1.0,1024
7,0.6000000000000001,3,constant_1,D(P)1_before_H,0.689453125,0.689453125,1024
7,0.6000000000000001,3,constant_1,D(P)2_after_first_H,0.69921875,0.69921875,1024
7,0.6000000000000001,3,constant_1,D(P)3_after_oracle,0.720703125,0.720703125,1024
7,0.6000000000000001,3,constant_1,D(P)4_after_final_H,0.6982421875,0.6982421875,1024
7,0.65,3,constant_1,no_error,1.0,1.0,1024
7,0.65,3,constant_1,D(P)1_before_H,0.673828125,0.673828125,1024
7,0.65,3,constant_1,D(P)2_after_first_H,0.689453125,0.689453125,1024
7,0.65,3,constant_1,D(P)3_after_oracle,0.703125,0.703125,1024
7,0.65,3,constant_1,D(P)4_after_final_H,0.6708984375,0.6708984375,1024
7,0.7000000000000001,3,constant_1,no_error,1.0,1.0,1024
7,0.7000000000000001,3,constant_1,D(P)1_before_H,0.6337890625,0.6337890625,1024
7,0.7000000000000001,3,constant_1,D(P)2_after_first_H,0.6611328125,0.6611328125,1024
7,0.7000000000000001,3,constant_1,D(P)3_after_oracle,0.6552734375,0.6552734375,1024
7,0.7000000000000001,3,constant_1,D(P)4_after_final_H,0.654296875,0.654296875,1024
7,0.75,3,constant_1,no_error,1.0,1.0,1024
7,0.75,3,constant_1,D(P)1_before_H,0.634765625,0.634765625,1024
7,0.75,3,constant_1,D(P)2_after_first_H,0.6240234375,0.6240234375,1024
7,0.75,3,constant_1,D(P)3_after_oracle,0.6220703125,0.6220703125,1024
7,0.75,3,constant_1,D(P)4_after_final_H,0.6083984375,0.6083984375,1024
7,0.8,3,constant_1,no_error,1.0,1.0,1024
7,0.8,3,constant_1,D(P)1_before_H,0.5966796875,0.5966796875,1024
7,0.8,3,constant_1,D(P)2_after_first_H,0.626953125,0.626953125,1024
7,0.8,3,constant_1,D(P)3_after_oracle,0.599609375,0.599609375,1024
7,0.8,3,constant_1,D(P)4_after_final_H,0.603515625,0.603515625,1024
7,0.8500000000000001,3,constant_1,no_error,1.0,1.0,1024
7,0.8500000000000001,3,constant_1,D(P)1_before_H,0.560546875,0.560546875,1024
7,0.8500000000000001,3,constant_1,D(P)2_after_first_H,0.59375,0.59375,1024
7,0.8500000000000001,3,constant_1,D(P)3_after_oracle,0.5888671875,0.5888671875,1024
7,0.8500000000000001,3,constant_1,D(P)4_after_final_H,0.5888671875,0.5888671875,1024
7,0.9,3,constant_1,no_error,1.0,1.0,1024
7,0.9,3,constant_1,D(P)1_before_H,0.529296875,0.529296875,1024
7,0.9,3,constant_1,D(P)2_after_first_H,0.5166015625,0.5166015625,1024
7,0.9,3,constant_1,D(P)3_after_oracle,0.5380859375,0.5380859375,1024
7,0.9,3,constant_1,D(P)4_after_final_H,0.5673828125,0.5673828125,1024
7,0.9500000000000001,3,constant_1,no_error,1.0,1.0,1024
7,0.9500000000000001,3,constant_1,D(P)1_before_H,0.5400390625,0.5400390625,1024
7,0.9500000000000001,3,constant_1,D(P)2_after_first_H,0.5244140625,0.5244140625,1024
7,0.9500000000000001,3,constant_1,D(P)3_after_oracle,0.521484375,0.521484375,1024
7,0.9500000000000001,3,constant_1,D(P)4_after_final_H,0.5263671875,0.5263671875,1024
7,1.0,3,constant_1,no_error,1.0,1.0,1024
7,1.0,3,constant_1,D(P)1_before_H,0.490234375,0.490234375,1024
7,1.0,3,constant_1,D(P)2_after_first_H,0.4931640625,0.4931640625,1024
7,1.0,3,constant_1,D(P)3_after_oracle,0.4970703125,0.4970703125,1024
7,1.0,3,constant_1,D(P)4_after_final_H,0.4794921875,0.4794921875,1024
7,0.0,3,constant_0,no_error,1.0,1.0,1024
7,0.0,3,constant_0,D(P)1_before_H,1.0,1.0,1024
7,0.0,3,constant_0,D(P)2_after_first_H,1.0,1.0,1024
7,0.0,3,constant_0,D(P)3_after_oracle,1.0,1.0,1024
7,0.0,3,constant_0,D(P)4_after_final_H,1.0,1.0,1024
7,0.05,3,constant_0,no_error,1.0,1.0,1024
7,0.05,3,constant_0,D(P)1_before_H,0.978515625,0.978515625,1024
7,0.05,3,constant_0,D(P)2_after_first_H,0.978515625,0.978515625,1024
7,0.05,3,constant_0,D(P)3_after_oracle,0.9697265625,0.9697265625,1024
7,0.05,3,constant_0,D(P)4_after_final_H,0.9765625,0.9765625,1024
7,0.1,3,constant_0,no_error,1.0,1.0,1024
7,0.1,3,constant_0,D(P)1_before_H,0.9560546875,0.9560546875,1024
7,0.1,3,constant_0,D(P)2_after_first_H,0.94921875,0.94921875,1024
7,0.1,3,constant_0,D(P)3_after_oracle,0.9501953125,0.9501953125,1024
7,0.1,3,constant_0,D(P)4_after_final_H,0.9482421875,0.9482421875,1024
7,0.15000000000000002,3,constant_0,no_error,1.0,1.0,1024
7,0.15000000000000002,3,constant_0,D(P)1_before_H,0.91796875,0.91796875,1024
7,0.15000000000000002,3,constant_0,D(P)2_after_first_H,0.9140625,0.9140625,1024
7,0.15000000000000002,3,constant_0,D(P)3_after_oracle,0.9365234375,0.9365234375,1024
7,0.15000000000000002,3,constant_0,D(P)4_after_final_H,0.9248046875,0.9248046875,1024
7,0.2,3,constant_0,no_error,1.0,1.0,1024
7,0.2,3,constant_0,D(P)1_before_H,0.9169921875,0.9169921875,1024
7,0.2,3,constant_0,D(P)2_after_first_H,0.8955078125,0.8955078125,1024
7,0.2,3,constant_0,D(P)3_after_oracle,0.919921875,0.919921875,1024
7,0.2,3,constant_0,D(P)4_after_final_H,0.900390625,0.900390625,1024
7,0.25,3,constant_0,no_error,1.0,1.0,1024
7,0.25,3,constant_0,D(P)1_before_H,0.8857421875,0.8857421875,1024
7,0.25,3,constant_0,D(P)2_after_first_H,0.873046875,0.873046875,1024
7,0.25,3,constant_0,D(P)3_after_oracle,0.8837890625,0.8837890625,1024
7,0.25,3,constant_0,D(P)4_after_final_H,0.8798828125,0.8798828125,1024
7,0.30000000000000004,3,constant_0,no_error,1.0,1.0,1024
7,0.30000000000000004,3,constant_0,D(P)1_before_H,0.865234375,0.865234375,1024
7,0.30000000000000004,3,constant_0,D(P)2_after_first_H,0.8291015625,0.8291015625,1024
7,0.30000000000000004,3,constant_0,D(P)3_after_oracle,0.8681640625,0.8681640625,1024
7,0.30000000000000004,3,constant_0,D(P)4_after_final_H,0.8525390625,0.8525390625,1024
7,0.35000000000000003,3,constant_0,no_error,1.0,1.0,1024
7,0.35000000000000003,3,constant_0,D(P)1_before_H,0.7890625,0.7890625,1024
7,0.35000000000000003,3,constant_0,D(P)2_after_first_H,0.8212890625,0.8212890625,1024
7,0.35000000000000003,3,constant_0,D(P)3_after_oracle,0.828125,0.828125,1024
7,0.35000000000000003,3,constant_0,D(P)4_after_final_H,0.8271484375,0.8271484375,1024
7,0.4,3,constant_0,no_error,1.0,1.0,1024
7,0.4,3,constant_0,D(P)1_before_H,0.8134765625,0.8134765625,1024
7,0.4,3,constant_0,D(P)2_after_first_H,0.7802734375,0.7802734375,1024
7,0.4,3,constant_0,D(P)3_after_oracle,0.8046875,0.8046875,1024
7,0.4,3,constant_0,D(P)4_after_final_H,0.8125,0.8125,1024
7,0.45,3,constant_0,no_error,1.0,1.0,1024
7,0.45,3,constant_0,D(P)1_before_H,0.759765625,0.759765625,1024
7,0.45,3,constant_0,D(P)2_after_first_H,0.7724609375,0.7724609375,1024
7,0.45,3,constant_0,D(P)3_after_oracle,0.8095703125,0.8095703125,1024
7,0.45,3,constant_0,D(P)4_after_final_H,0.796875,0.796875,1024
7,0.5,3,constant_0,no_error,1.0,1.0,1024
7,0.5,3,constant_0,D(P)1_before_H,0.75,0.75,1024
7,0.5,3,constant_0,D(P)2_after_first_H,0.7607421875,0.7607421875,1024
7,0.5,3,constant_0,D(P)3_after_oracle,0.7568359375,0.7568359375,1024
7,0.5,3,constant_0,D(P)4_after_final_H,0.740234375,0.740234375,1024
7,0.55,3,constant_0,no_error,1.0,1.0,1024
7,0.55,3,constant_0,D(P)1_before_H,0.7197265625,0.7197265625,1024
7,0.55,3,constant_0,D(P)2_after_first_H,0.73046875,0.73046875,1024
7,0.55,3,constant_0,D(P)3_after_oracle,0.705078125,0.705078125,1024
7,0.55,3,constant_0,D(P)4_after_final_H,0.7236328125,0.7236328125,1024
7,0.6000000000000001,3,constant_0,no_error,1.0,1.0,1024
7,0.6000000000000001,3,constant_0,D(P)1_before_H,0.7158203125,0.7158203125,1024
7,0.6000000000000001,3,constant_0,D(P)2_after_first_H,0.689453125,0.689453125,1024
7,0.6000000000000001,3,constant_0,D(P)3_after_oracle,0.703125,0.703125,1024
7,0.6000000000000001,3,constant_0,D(P)4_after_final_H,0.6884765625,0.6884765625,1024
7,0.65,3,constant_0,no_error,1.0,1.0,1024
7,0.65,3,constant_0,D(P)1_before_H,0.6708984375,0.6708984375,1024
7,0.65,3,constant_0,D(P)2_after_first_H,0.6298828125,0.6298828125,1024
7,0.65,3,constant_0,D(P)3_after_oracle,0.689453125,0.689453125,1024
7,0.65,3,constant_0,D(P)4_after_final_H,0.685546875,0.685546875,1024
7,0.7000000000000001,3,constant_0,no_error,1.0,1.0,1024
7,0.7000000000000001,3,constant_0,D(P)1_before_H,0.65625,0.65625,1024
7,0.7000000000000001,3,constant_0,D(P)2_after_first_H,0.6494140625,0.6494140625,1024
7,0.7000000000000001,3,constant_0,D(P)3_after_oracle,0.6279296875,0.6279296875,1024
7,0.7000000000000001,3,constant_0,D(P)4_after_final_H,0.62890625,0.62890625,1024
7,0.75,3,constant_0,no_error,1.0,1.0,1024
7,0.75,3,constant_0,D(P)1_before_H,0.6494140625,0.6494140625,1024
7,0.75,3,constant_0,D(P)2_after_first_H,0.609375,0.609375,1024
7,0.75,3,constant_0,D(P)3_after_oracle,0.6064453125,0.6064453125,1024
7,0.75,3,constant_0,D(P)4_after_final_H,0.6142578125,0.6142578125,1024
7,0.8,3,constant_0,no_error,1.0,1.0,1024
7,0.8,3,constant_0,D(P)1_before_H,0.5986328125,0.5986328125,1024
7,0.8,3,constant_0,D(P)2_after_first_H,0.609375,0.609375,1024
7,0.8,3,constant_0,D(P)3_after_oracle,0.6162109375,0.6162109375,1024
7,0.8,3,constant_0,D(P)4_after_final_H,0.5986328125,0.5986328125,1024
7,0.8500000000000001,3,constant_0,no_error,1.0,1.0,1024
7,0.8500000000000001,3,constant_0,D(P)1_before_H,0.583984375,0.583984375,1024
7,0.8500000000000001,3,constant_0,D(P)2_after_first_H,0.5751953125,0.5751953125,1024
7,0.8500000000000001,3,constant_0,D(P)3_after_oracle,0.5732421875,0.5732421875,1024
7,0.8500000000000001,3,constant_0,D(P)4_after_final_H,0.556640625,0.556640625,1024
7,0.9,3,constant_0,no_error,1.0,1.0,1024
7,0.9,3,constant_0,D(P)1_before_H,0.55078125,0.55078125,1024
7,0.9,3,constant_0,D(P)2_after_first_H,0.5546875,0.5546875,1024
7,0.9,3,constant_0,D(P)3_after_oracle,0.5576171875,0.5576171875,1024
7,0.9,3,constant_0,D(P)4_after_final_H,0.580078125,0.580078125,1024
7,0.9500000000000001,3,constant_0,no_error,1.0,1.0,1024
7,0.9500000000000001,3,constant_0,D(P)1_before_H,0.517578125,0.517578125,1024
7,0.9500000000000001,3,constant_0,D(P)2_after_first_H,0.505859375,0.505859375,1024
7,0.9500000000000001,3,constant_0,D(P)3_after_oracle,0.5205078125,0.5205078125,1024
7,0.9500000000000001,3,constant_0,D(P)4_after_final_H,0.5244140625,0.5244140625,1024
7,1.0,3,constant_0,no_error,1.0,1.0,1024
7,1.0,3,constant_0,D(P)1_before_H,0.490234375,0.490234375,1024
7,1.0,3,constant_0,D(P)2_after_first_H,0.4853515625,0.4853515625,1024
7,1.0,3,constant_0,D(P)3_after_oracle,0.4814453125,0.4814453125,1024
7,1.0,3,constant_0,D(P)4_after_final_H,0.50390625,0.50390625,1024
7,0.0,3,balanced,no_error,0.0,1.0,1024
7,0.0,3,balanced,D(P)1_before_H,0.0,1.0,1024
7,0.0,3,balanced,D(P)2_after_first_H,0.0,1.0,1024
7,0.0,3,balanced,D(P)3_after_oracle,0.0,1.0,1024
7,0.0,3,balanced,D(P)4_after_final_H,0.0,1.0,1024
7,0.05,3,balanced,no_error,0.0,1.0,1024
7,0.05,3,balanced,D(P)1_before_H,0.0,1.0,1024
7,0.05,3,balanced,D(P)2_after_first_H,0.0,1.0,1024
7,0.05,3,balanced,D(P)3_after_oracle,0.0,1.0,1024
7,0.05,3,balanced,D(P)4_after_final_H,0.0,1.0,1024
7,0.1,3,balanced,no_error,0.0,1.0,1024
7,0.1,3,balanced,D(P)1_before_H,0.0,1.0,1024
7,0.1,3,balanced,D(P)2_after_first_H,0.0,1.0,1024
7,0.1,3,balanced,D(P)3_after_oracle,0.0,1.0,1024
7,0.1,3,balanced,D(P)4_after_final_H,0.0,1.0,1024
7,0.15000000000000002,3,balanced,no_error,0.0,1.0,1024
7,0.15000000000000002,3,balanced,D(P)1_before_H,0.0,1.0,1024
7,0.15000000000000002,3,balanced,D(P)2_after_first_H,0.0,1.0,1024
7,0.15000000000000002,3,balanced,D(P)3_after_oracle,0.0,1.0,1024
7,0.15000000000000002,3,balanced,D(P)4_after_final_H,0.0,1.0,1024
7,0.2,3,balanced,no_error,0.0,1.0,1024
7,0.2,3,balanced,D(P)1_before_H,0.0,1.0,1024
7,0.2,3,balanced,D(P)2_after_first_H,0.0,1.0,1024
7,0.2,3,balanced,D(P)3_after_oracle,0.0,1.0,1024
7,0.2,3,balanced,D(P)4_after_final_H,0.0,1.0,1024
7,0.25,3,balanced,no_error,0.0,1.0,1024
7,0.25,3,balanced,D(P)1_before_H,0.0,1.0,1024
7,0.25,3,balanced,D(P)2_after_first_H,0.0,1.0,1024
7,0.25,3,balanced,D(P)3_after_oracle,0.0,1.0,1024
7,0.25,3,balanced,D(P)4_after_final_H,0.0,1.0,1024
7,0.30000000000000004,3,balanced,no_error,0.0,1.0,1024
7,0.30000000000000004,3,balanced,D(P)1_before_H,0.0,1.0,1024
7,0.30000000000000004,3,balanced,D(P)2_after_first_H,0.0,1.0,1024
7,0.30000000000000004,3,balanced,D(P)3_after_oracle,0.0,1.0,1024
7,0.30000000000000004,3,balanced,D(P)4_after_final_H,0.0,1.0,1024
7,0.35000000000000003,3,balanced,no_error,0.0,1.0,1024
7,0.35000000000000003,3,balanced,D(P)1_before_H,0.0,1.0,1024
7,0.35000000000000003,3,balanced,D(P)2_after_first_H,0.0,1.0,1024
7,0.35000000000000003,3,balanced,D(P)3_after_oracle,0.0,1.0,1024
7,0.35000000000000003,3,balanced,D(P)4_after_final_H,0.0,1.0,1024
7,0.4,3,balanced,no_error,0.0,1.0,1024
7,0.4,3,balanced,D(P)1_before_H,0.0,1.0,1024
7,0.4,3,balanced,D(P)2_after_first_H,0.0,1.0,1024
7,0.4,3,balanced,D(P)3_after_oracle,0.0,1.0,1024
7,0.4,3,balanced,D(P)4_after_final_H,0.0,1.0,1024
7,0.45,3,balanced,no_error,0.0,1.0,1024
7,0.45,3,balanced,D(P)1_before_H,0.0,1.0,1024
7,0.45,3,balanced,D(P)2_after_first_H,0.0,1.0,1024
7,0.45,3,balanced,D(P)3_after_oracle,0.0,1.0,1024
7,0.45,3,balanced,D(P)4_after_final_H,0.0,1.0,1024
7,0.5,3,balanced,no_error,0.0,1.0,1024
7,0.5,3,balanced,D(P)1_before_H,0.0,1.0,1024
7,0.5,3,balanced,D(P)2_after_first_H,0.0,1.0,1024
7,0.5,3,balanced,D(P)3_after_oracle,0.0,1.0,1024
7,0.5,3,balanced,D(P)4_after_final_H,0.0,1.0,1024
7,0.55,3,balanced,no_error,0.0,1.0,1024
7,0.55,3,balanced,D(P)1_before_H,0.0,1.0,1024
7,0.55,3,balanced,D(P)2_after_first_H,0.0,1.0,1024
7,0.55,3,balanced,D(P)3_after_oracle,0.0,1.0,1024
7,0.55,3,balanced,D(P)4_after_final_H,0.0,1.0,1024
7,0.6000000000000001,3,balanced,no_error,0.0,1.0,1024
7,0.6000000000000001,3,balanced,D(P)1_before_H,0.0,1.0,1024
7,0.6000000000000001,3,balanced,D(P)2_after_first_H,0.0,1.0,1024
7,0.6000000000000001,3,balanced,D(P)3_after_oracle,0.0,1.0,1024
7,0.6000000000000001,3,balanced,D(P)4_after_final_H,0.0,1.0,1024
7,0.65,3,balanced,no_error,0.0,1.0,1024
7,0.65,3,balanced,D(P)1_before_H,0.0,1.0,1024
7,0.65,3,balanced,D(P)2_after_first_H,0.0,1.0,1024
7,0.65,3,balanced,D(P)3_after_oracle,0.0,1.0,1024
7,0.65,3,balanced,D(P)4_after_final_H,0.0,1.0,1024
7,0.7000000000000001,3,balanced,no_error,0.0,1.0,1024
7,0.7000000000000001,3,balanced,D(P)1_before_H,0.0,1.0,1024
7,0.7000000000000001,3,balanced,D(P)2_after_first_H,0.0,1.0,1024
7,0.7000000000000001,3,balanced,D(P)3_after_oracle,0.0,1.0,1024
7,0.7000000000000001,3,balanced,D(P)4_after_final_H,0.0,1.0,1024
7,0.75,3,balanced,no_error,0.0,1.0,1024
7,0.75,3,balanced,D(P)1_before_H,0.0,1.0,1024
7,0.75,3,balanced,D(P)2_after_first_H,0.0,1.0,1024
7,0.75,3,balanced,D(P)3_after_oracle,0.0,1.0,1024
7,0.75,3,balanced,D(P)4_after_final_H,0.0,1.0,1024
7,0.8,3,balanced,no_error,0.0,1.0,1024
7,0.8,3,balanced,D(P)1_before_H,0.0,1.0,1024
7,0.8,3,balanced,D(P)2_after_first_H,0.0,1.0,1024
7,0.8,3,balanced,D(P)3_after_oracle,0.0,1.0,1024
7,0.8,3,balanced,D(P)4_after_final_H,0.0,1.0,1024
7,0.8500000000000001,3,balanced,no_error,0.0,1.0,1024
7,0.8500000000000001,3,balanced,D(P)1_before_H,0.0,1.0,1024
7,0.8500000000000001,3,balanced,D(P)2_after_first_H,0.0,1.0,1024
7,0.8500000000000001,3,balanced,D(P)3_after_oracle,0.0,1.0,1024
7,0.8500000000000001,3,balanced,D(P)4_after_final_H,0.0,1.0,1024
7,0.9,3,balanced,no_error,0.0,1.0,1024
7,0.9,3,balanced,D(P)1_before_H,0.0,1.0,1024
7,0.9,3,balanced,D(P)2_after_first_H,0.0,1.0,1024
7,0.9,3,balanced,D(P)3_after_oracle,0.0,1.0,1024
7,0.9,3,balanced,D(P)4_after_final_H,0.0,1.0,1024
7,0.9500000000000001,3,balanced,no_error,0.0,1.0,1024
7,0.9500000000000001,3,balanced,D(P)1_before_H,0.0,1.0,1024
7,0.9500000000000001,3,balanced,D(P)2_after_first_H,0.0,1.0,1024
7,0.9500000000000001,3,balanced,D(P)3_after_oracle,0.0,1.0,1024
7,0.9500000000000001,3,balanced,D(P)4_after_final_H,0.0,1.0,1024
7,1.0,3,balanced,no_error,0.0,1.0,1024
7,1.0,3,balanced,D(P)1_before_H,0.0,1.0,1024
7,1.0,3,balanced,D(P)2_after_first_H,0.0,1.0,1024
7,1.0,3,balanced,D(P)3_after_oracle,0.0,1.0,1024
7,1.0,3,balanced,D(P)4_after_final_H,0.0,1.0,1024
9,0.0,4,constant_1,no_error,1.0,1.0,1024
9,0.0,4,constant_1,D(P)1_before_H,1.0,1.0,1024
9,0.0,4,constant_1,D(P)2_after_first_H,1.0,1.0,1024
9,0.0,4,constant_1,D(P)3_after_oracle,1.0,1.0,1024
9,0.0,4,constant_1,D(P)4_after_final_H,1.0,1.0,1024
9,0.05,4,constant_1,no_error,1.0,1.0,1024
9,0.05,4,constant_1,D(P)1_before_H,0.9736328125,0.9736328125,1024
9,0.05,4,constant_1,D(P)2_after_first_H,0.982421875,0.982421875,1024
9,0.05,4,constant_1,D(P)3_after_oracle,0.97265625,0.97265625,1024
9,0.05,4,constant_1,D(P)4_after_final_H,0.9755859375,0.9755859375,1024
9,0.1,4,constant_1,no_error,1.0,1.0,1024
9,0.1,4,constant_1,D(P)1_before_H,0.9560546875,0.9560546875,1024
9,0.1,4,constant_1,D(P)2_after_first_H,0.947265625,0.947265625,1024
9,0.1,4,constant_1,D(P)3_after_oracle,0.953125,0.953125,1024
9,0.1,4,constant_1,D(P)4_after_final_H,0.9541015625,0.9541015625,1024
9,0.15000000000000002,4,constant_1,no_error,1.0,1.0,1024
9,0.15000000000000002,4,constant_1,D(P)1_before_H,0.93359375,0.93359375,1024
9,0.15000000000000002,4,constant_1,D(P)2_after_first_H,0.93359375,0.93359375,1024
9,0.15000000000000002,4,constant_1,D(P)3_after_oracle,0.93359375,0.93359375,1024
9,0.15000000000000002,4,constant_1,D(P)4_after_final_H,0.9248046875,0.9248046875,1024
9,0.2,4,constant_1,no_error,1.0,1.0,1024
9,0.2,4,constant_1,D(P)1_before_H,0.8974609375,0.8974609375,1024
9,0.2,4,constant_1,D(P)2_after_first_H,0.908203125,0.908203125,1024
9,0.2,4,constant_1,D(P)3_after_oracle,0.9052734375,0.9052734375,1024
9,0.2,4,constant_1,D(P)4_after_final_H,0.8916015625,0.8916015625,1024
9,0.25,4,constant_1,no_error,1.0,1.0,1024
9,0.25,4,constant_1,D(P)1_before_H,0.8837890625,0.8837890625,1024
9,0.25,4,constant_1,D(P)2_after_first_H,0.8828125,0.8828125,1024
9,0.25,4,constant_1,D(P)3_after_oracle,0.884765625,0.884765625,1024
9,0.25,4,constant_1,D(P)4_after_final_H,0.890625,0.890625,1024
9,0.30000000000000004,4,constant_1,no_error,1.0,1.0,1024
9,0.30000000000000004,4,constant_1,D(P)1_before_H,0.849609375,0.849609375,1024
9,0.30000000000000004,4,constant_1,D(P)2_after_first_H,0.8369140625,0.8369140625,1024
9,0.30000000000000004,4,constant_1,D(P)3_after_oracle,0.8662109375,0.8662109375,1024
9,0.30000000000000004,4,constant_1,D(P)4_after_final_H,0.875,0.875,1024
9,0.35000000000000003,4,constant_1,no_error,1.0,1.0,1024
9,0.35000000000000003,4,constant_1,D(P)1_before_H,0.833984375,0.833984375,1024
9,0.35000000000000003,4,constant_1,D(P)2_after_first_H,0.8203125,0.8203125,1024
9,0.35000000000000003,4,constant_1,D(P)3_after_oracle,0.8193359375,0.8193359375,1024
9,0.35000000000000003,4,constant_1,D(P)4_after_final_H,0.84765625,0.84765625,1024
9,0.4,4,constant_1,no_error,1.0,1.0,1024
9,0.4,4,constant_1,D(P)1_before_H,0.7880859375,0.7880859375,1024
9,0.4,4,constant_1,D(P)2_after_first_H,0.7998046875,0.7998046875,1024
9,0.4,4,constant_1,D(P)3_after_oracle,0.8134765625,0.8134765625,1024
9,0.4,4,constant_1,D(P)4_after_final_H,0.791015625,0.791015625,1024
9,0.45,4,constant_1,no_error,1.0,1.0,1024
9,0.45,4,constant_1,D(P)1_before_H,0.7705078125,0.7705078125,1024
9,0.45,4,constant_1,D(P)2_after_first_H,0.751953125,0.751953125,1024
9,0.45,4,constant_1,D(P)3_after_oracle,0.79296875,0.79296875,1024
9,0.45,4,constant_1,D(P)4_after_final_H,0.7783203125,0.7783203125,1024
9,0.5,4,constant_1,no_error,1.0,1.0,1024
9,0.5,4,constant_1,D(P)1_before_H,0.7421875,0.7421875,1024
9,0.5,4,constant_1,D(P)2_after_first_H,0.732421875,0.732421875,1024
9,0.5,4,constant_1,D(P)3_after_oracle,0.7587890625,0.7587890625,1024
9,0.5,4,constant_1,D(P)4_after_final_H,0.755859375,0.755859375,1024
9,0.55,4,constant_1,no_error,1.0,1.0,1024
9,0.55,4,constant_1,D(P)1_before_H,0.7265625,0.7265625,1024
9,0.55,4,constant_1,D(P)2_after_first_H,0.72265625,0.72265625,1024
9,0.55,4,constant_1,D(P)3_after_oracle,0.72265625,0.72265625,1024
9,0.55,4,constant_1,D(P)4_after_final_H,0.7236328125,0.7236328125,1024
9,0.6000000000000001,4,constant_1,no_error,1.0,1.0,1024
9,0.6000000000000001,4,constant_1,D(P)1_before_H,0.6923828125,0.6923828125,1024
9,0.6000000000000001,4,constant_1,D(P)2_after_first_H,0.673828125,0.673828125,1024
9,0.6000000000000001,4,constant_1,D(P)3_after_oracle,0.69921875,0.69921875,1024
9,0.6000000000000001,4,constant_1,D(P)4_after_final_H,0.7119140625,0.7119140625,1024
9,0.65,4,constant_1,no_error,1.0,1.0,1024
9,0.65,4,constant_1,D(P)1_before_H,0.685546875,0.685546875,1024
9,0.65,4,constant_1,D(P)2_after_first_H,0.6708984375,0.6708984375,1024
9,0.65,4,constant_1,D(P)3_after_oracle,0.6689453125,0.6689453125,1024
9,0.65,4,constant_1,D(P)4_after_final_H,0.6962890625,0.6962890625,1024
9,0.7000000000000001,4,constant_1,no_error,1.0,1.0,1024
9,0.7000000000000001,4,constant_1,D(P)1_before_H,0.6669921875,0.6669921875,1024
9,0.7000000000000001,4,constant_1,D(P)2_after_first_H,0.6494140625,0.6494140625,1024
9,0.7000000000000001,4,constant_1,D(P)3_after_oracle,0.65625,0.65625,1024
9,0.7000000000000001,4,constant_1,D(P)4_after_final_H,0.6474609375,0.6474609375,1024
9,0.75,4,constant_1,no_error,1.0,1.0,1024
9,0.75,4,constant_1,D(P)1_before_H,0.634765625,0.634765625,1024
9,0.75,4,constant_1,D(P)2_after_first_H,0.619140625,0.619140625,1024
9,0.75,4,constant_1,D(P)3_after_oracle,0.6259765625,0.6259765625,1024
9,0.75,4,constant_1,D(P)4_after_final_H,0.634765625,0.634765625,1024
9,0.8,4,constant_1,no_error,1.0,1.0,1024
9,0.8,4,constant_1,D(P)1_before_H,0.603515625,0.603515625,1024
9,0.8,4,constant_1,D(P)2_after_first_H,0.5927734375,0.5927734375,1024
9,0.8,4,constant_1,D(P)3_after_oracle,0.609375,0.609375,1024
9,0.8,4,constant_1,D(P)4_after_final_H,0.59765625,0.59765625,1024
9,0.8500000000000001,4,constant_1,no_error,1.0,1.0,1024
9,0.8500000000000001,4,constant_1,D(P)1_before_H,0.599609375,0.599609375,1024
9,0.8500000000000001,4,constant_1,D(P)2_after_first_H,0.55859375,0.55859375,1024
9,0.8500000000000001,4,constant_1,D(P)3_after_oracle,0.6181640625,0.6181640625,1024
9,0.8500000000000001,4,constant_1,D(P)4_after_final_H,0.568359375,0.568359375,1024
9,0.9,4,constant_1,no_error,1.0,1.0,1024
9,0.9,4,constant_1,D(P)1_before_H,0.56640625,0.56640625,1024
9,0.9,4,constant_1,D(P)2_after_first_H,0.5703125,0.5703125,1024
9,0.9,4,constant_1,D(P)3_after_oracle,0.5361328125,0.5361328125,1024
9,0.9,4,constant_1,D(P)4_after_final_H,0.5439453125,0.5439453125,1024
9,0.9500000000000001,4,constant_1,no_error,1.0,1.0,1024
9,0.9500000000000001,4,constant_1,D(P)1_before_H,0.5546875,0.5546875,1024
9,0.9500000000000001,4,constant_1,D(P)2_after_first_H,0.5400390625,0.5400390625,1024
9,0.9500000000000001,4,constant_1,D(P)3_after_oracle,0.55078125,0.55078125,1024
9,0.9500000000000001,4,constant_1,D(P)4_after_final_H,0.5517578125,0.5517578125,1024
9,1.0,4,constant_1,no_error,1.0,1.0,1024
9,1.0,4,constant_1,D(P)1_before_H,0.4716796875,0.4716796875,1024
9,1.0,4,constant_1,D(P)2_after_first_H,0.5185546875,0.5185546875,1024
9,1.0,4,constant_1,D(P)3_after_oracle,0.515625,0.515625,1024
9,1.0,4,constant_1,D(P)4_after_final_H,0.52734375,0.52734375,1024
9,0.0,4,constant_0,no_error,1.0,1.0,1024
9,0.0,4,constant_0,D(P)1_before_H,1.0,1.0,1024
9,0.0,4,constant_0,D(P)2_after_first_H,1.0,1.0,1024
9,0.0,4,constant_0,D(P)3_after_oracle,1.0,1.0,1024
9,0.0,4,constant_0,D(P)4_after_final_H,1.0,1.0,1024
9,0.05,4,constant_0,no_error,1.0,1.0,1024
9,0.05,4,constant_0,D(P)1_before_H,0.9755859375,0.9755859375,1024
9,0.05,4,constant_0,D(P)2_after_first_H,0.978515625,0.978515625,1024
9,0.05,4,constant_0,D(P)3_after_oracle,0.982421875,0.982421875,1024
9,0.05,4,constant_0,D(P)4_after_final_H,0.9736328125,0.9736328125,1024
9,0.1,4,constant_0,no_error,1.0,1.0,1024
9,0.1,4,constant_0,D(P)1_before_H,0.9541015625,0.9541015625,1024
9,0.1,4,constant_0,D(P)2_after_first_H,0.9462890625,0.9462890625,1024
9,0.1,4,constant_0,D(P)3_after_oracle,0.9501953125,0.9501953125,1024
9,0.1,4,constant_0,D(P)4_after_final_H,0.9462890625,0.9462890625,1024
9,0.15000000000000002,4,constant_0,no_error,1.0,1.0,1024
9,0.15000000000000002,4,constant_0,D(P)1_before_H,0.9326171875,0.9326171875,1024
9,0.15000000000000002,4,constant_0,D(P)2_after_first_H,0.9326171875,0.9326171875,1024
9,0.15000000000000002,4,constant_0,D(P)3_after_oracle,0.935546875,0.935546875,1024
9,0.15000000000000002,4,constant_0,D(P)4_after_final_H,0.9306640625,0.9306640625,1024
9,0.2,4,constant_0,no_error,1.0,1.0,1024
9,0.2,4,constant_0,D(P)1_before_H,0.892578125,0.892578125,1024
9,0.2,4,constant_0,D(P)2_after_first_H,0.8916015625,0.8916015625,1024
9,0.2,4,constant_0,D(P)3_after_oracle,0.912109375,0.912109375,1024
9,0.2,4,constant_0,D(P)4_after_final_H,0.89453125,0.89453125,1024
9,0.25,4,constant_0,no_error,1.0,1.0,1024
9,0.25,4,constant_0,D(P)1_before_H,0.87109375,0.87109375,1024
9,0.25,4,constant_0,D(P)2_after_first_H,0.8740234375,0.8740234375,1024
9,0.25,4,constant_0,D(P)3_after_oracle,0.8974609375,0.8974609375,1024
9,0.25,4,constant_0,D(P)4_after_final_H,0.8740234375,0.8740234375,1024
9,0.30000000000000004,4,constant_0,no_error,1.0,1.0,1024
9,0.30000000000000004,4,constant_0,D(P)1_before_H,0.8388671875,0.8388671875,1024
9,0.30000000000000004,4,constant_0,D(P)2_after_first_H,0.845703125,0.845703125,1024
9,0.30000000000000004,4,constant_0,D(P)3_after_oracle,0.8681640625,0.8681640625,1024
9,0.30000000000000004,4,constant_0,D(P)4_after_final_H,0.853515625,0.853515625,1024
9,0.35000000000000003,4,constant_0,no_error,1.0,1.0,1024
9,0.35000000000000003,4,constant_0,D(P)1_before_H,0.8046875,0.8046875,1024
9,0.35000000000000003,4,constant_0,D(P)2_after_first_H,0.8212890625,0.8212890625,1024
9,0.35000000000000003,4,constant_0,D(P)3_after_oracle,0.8349609375,0.8349609375,1024
9,0.35000000000000003,4,constant_0,D(P)4_after_final_H,0.82421875,0.82421875,1024
9,0.4,4,constant_0,no_error,1.0,1.0,1024
9,0.4,4,constant_0,D(P)1_before_H,0.8076171875,0.8076171875,1024
9,0.4,4,constant_0,D(P)2_after_first_H,0.7900390625,0.7900390625,1024
9,0.4,4,constant_0,D(P)3_after_oracle,0.802734375,0.802734375,1024
9,0.4,4,constant_0,D(P)4_after_final_H,0.7978515625,0.7978515625,1024
9,0.45,4,constant_0,no_error,1.0,1.0,1024
9,0.45,4,constant_0,D(P)1_before_H,0.7734375,0.7734375,1024
9,0.45,4,constant_0,D(P)2_after_first_H,0.791015625,0.791015625,1024
9,0.45,4,constant_0,D(P)3_after_oracle,0.7744140625,0.7744140625,1024
9,0.45,4,constant_0,D(P)4_after_final_H,0.740234375,0.740234375,1024
9,0.5,4,constant_0,no_error,1.0,1.0,1024
9,0.5,4,constant_0,D(P)1_before_H,0.73046875,0.73046875,1024
9,0.5,4,constant_0,D(P)2_after_first_H,0.7705078125,0.7705078125,1024
9,0.5,4,constant_0,D(P)3_after_oracle,0.7529296875,0.7529296875,1024
9,0.5,4,constant_0,D(P)4_after_final_H,0.748046875,0.748046875,1024
9,0.55,4,constant_0,no_error,1.0,1.0,1024
9,0.55,4,constant_0,D(P)1_before_H,0.7275390625,0.7275390625,1024
9,0.55,4,constant_0,D(P)2_after_first_H,0.701171875,0.701171875,1024
9,0.55,4,constant_0,D(P)3_after_oracle,0.73046875,0.73046875,1024
9,0.55,4,constant_0,D(P)4_after_final_H,0.7255859375,0.7255859375,1024
9,0.6000000000000001,4,constant_0,no_error,1.0,1.0,1024
9,0.6000000000000001,4,constant_0,D(P)1_before_H,0.7431640625,0.7431640625,1024
9,0.6000000000000001,4,constant_0,D(P)2_after_first_H,0.7119140625,0.7119140625,1024
9,0.6000000000000001,4,constant_0,D(P)3_after_oracle,0.7041015625,0.7041015625,1024
9,0.6000000000000001,4,constant_0,D(P)4_after_final_H,0.720703125,0.720703125,1024
9,0.65,4,constant_0,no_error,1.0,1.0,1024
9,0.65,4,constant_0,D(P)1_before_H,0.6796875,0.6796875,1024
9,0.65,4,constant_0,D(P)2_after_first_H,0.6923828125,0.6923828125,1024
9,0.65,4,constant_0,D(P)3_after_oracle,0.7041015625,0.7041015625,1024
9,0.65,4,constant_0,D(P)4_after_final_H,0.65625,0.65625,1024
9,0.7000000000000001,4,constant_0,no_error,1.0,1.0,1024
9,0.7000000000000001,4,constant_0,D(P)1_before_H,0.626953125,0.626953125,1024
9,0.7000000000000001,4,constant_0,D(P)2_after_first_H,0.65625,0.65625,1024
9,0.7000000000000001,4,constant_0,D(P)3_after_oracle,0.6787109375,0.6787109375,1024
9,0.7000000000000001,4,constant_0,D(P)4_after_final_H,0.65625,0.65625,1024
9,0.75,4,constant_0,no_error,1.0,1.0,1024
9,0.75,4,constant_0,D(P)1_before_H,0.6328125,0.6328125,1024
9,0.75,4,constant_0,D(P)2_after_first_H,0.6123046875,0.6123046875,1024
9,0.75,4,constant_0,D(P)3_after_oracle,0.5927734375,0.5927734375,1024
9,0.75,4,constant_0,D(P)4_after_final_H,0.62890625,0.62890625,1024
9,0.8,4,constant_0,no_error,1.0,1.0,1024
9,0.8,4,constant_0,D(P)1_before_H,0.59765625,0.59765625,1024
9,0.8,4,constant_0,D(P)2_after_first_H,0.59375,0.59375,1024
9,0.8,4,constant_0,D(P)3_after_oracle,0.5908203125,0.5908203125,1024
9,0.8,4,constant_0,D(P)4_after_final_H,0.5810546875,0.5810546875,1024
9,0.8500000000000001,4,constant_0,no_error,1.0,1.0,1024
9,0.8500000000000001,4,constant_0,D(P)1_before_H,0.5732421875,0.5732421875,1024
9,0.8500000000000001,4,constant_0,D(P)2_after_first_H,0.580078125,0.580078125,1024
9,0.8500000000000001,4,constant_0,D(P)3_after_oracle,0.5732421875,0.5732421875,1024
9,0.8500000000000001,4,constant_0,D(P)4_after_final_H,0.5751953125,0.5751953125,1024
9,0.9,4,constant_0,no_error,1.0,1.0,1024
9,0.9,4,constant_0,D(P)1_before_H,0.5498046875,0.5498046875,1024
9,0.9,4,constant_0,D(P)2_after_first_H,0.5556640625,0.5556640625,1024
9,0.9,4,constant_0,D(P)3_after_oracle,0.5361328125,0.5361328125,1024
9,0.9,4,constant_0,D(P)4_after_final_H,0.556640625,0.556640625,1024
9,0.9500000000000001,4,constant_0,no_error,1.0,1.0,1024
9,0.9500000000000001,4,constant_0,D(P)1_before_H,0.501953125,0.501953125,1024
9,0.9500000000000001,4,constant_0,D(P)2_after_first_H,0.494140625,0.494140625,1024
9,0.9500000000000001,4,constant_0,D(P)3_after_oracle,0.5029296875,0.5029296875,1024
9,0.9500000000000001,4,constant_0,D(P)4_after_final_H,0.533203125,0.533203125,1024
9,1.0,4,constant_0,no_error,1.0,1.0,1024
9,1.0,4,constant_0,D(P)1_before_H,0.4951171875,0.4951171875,1024
9,1.0,4,constant_0,D(P)2_after_first_H,0.5068359375,0.5068359375,1024
9,1.0,4,constant_0,D(P)3_after_oracle,0.5087890625,0.5087890625,1024
9,1.0,4,constant_0,D(P)4_after_final_H,0.5,0.5,1024
9,0.0,4,balanced,no_error,0.0,1.0,1024
9,0.0,4,balanced,D(P)1_before_H,0.0,1.0,1024
9,0.0,4,balanced,D(P)2_after_first_H,0.0,1.0,1024
9,0.0,4,balanced,D(P)3_after_oracle,0.0,1.0,1024
9,0.0,4,balanced,D(P)4_after_final_H,0.0,1.0,1024
9,0.05,4,balanced,no_error,0.0,1.0,1024
9,0.05,4,balanced,D(P)1_before_H,0.0,1.0,1024
9,0.05,4,balanced,D(P)2_after_first_H,0.0,1.0,1024
9,0.05,4,balanced,D(P)3_after_oracle,0.0,1.0,1024
9,0.05,4,balanced,D(P)4_after_final_H,0.0,1.0,1024
9,0.1,4,balanced,no_error,0.0,1.0,1024
9,0.1,4,balanced,D(P)1_before_H,0.0,1.0,1024
9,0.1,4,balanced,D(P)2_after_first_H,0.0,1.0,1024
9,0.1,4,balanced,D(P)3_after_oracle,0.0,1.0,1024
9,0.1,4,balanced,D(P)4_after_final_H,0.0,1.0,1024
9,0.15000000000000002,4,balanced,no_error,0.0,1.0,1024
9,0.15000000000000002,4,balanced,D(P)1_before_H,0.0,1.0,1024
9,0.15000000000000002,4,balanced,D(P)2_after_first_H,0.0,1.0,1024
9,0.15000000000000002,4,balanced,D(P)3_after_oracle,0.0,1.0,1024
9,0.15000000000000002,4,balanced,D(P)4_after_final_H,0.0,1.0,1024
9,0.2,4,balanced,no_error,0.0,1.0,1024
9,0.2,4,balanced,D(P)1_before_H,0.0,1.0,1024
9,0.2,4,balanced,D(P)2_after_first_H,0.0,1.0,1024
9,0.2,4,balanced,D(P)3_after_oracle,0.0,1.0,1024
9,0.2,4,balanced,D(P)4_after_final_H,0.0,1.0,1024
9,0.25,4,balanced,no_error,0.0,1.0,1024
9,0.25,4,balanced,D(P)1_before_H,0.0,1.0,1024
9,0.25,4,balanced,D(P)2_after_first_H,0.0,1.0,1024
9,0.25,4,balanced,D(P)3_after_oracle,0.0,1.0,1024
9,0.25,4,balanced,D(P)4_after_final_H,0.0,1.0,1024
9,0.30000000000000004,4,balanced,no_error,0.0,1.0,1024
9,0.30000000000000004,4,balanced,D(P)1_before_H,0.0,1.0,1024
9,0.30000000000000004,4,balanced,D(P)2_after_first_H,0.0,1.0,1024
9,0.30000000000000004,4,balanced,D(P)3_after_oracle,0.0,1.0,1024
9,0.30000000000000004,4,balanced,D(P)4_after_final_H,0.0,1.0,1024
9,0.35000000000000003,4,balanced,no_error,0.0,1.0,1024
9,0.35000000000000003,4,balanced,D(P)1_before_H,0.0,1.0,1024
9,0.35000000000000003,4,balanced,D(P)2_after_first_H,0.0,1.0,1024
9,0.35000000000000003,4,balanced,D(P)3_after_oracle,0.0,1.0,1024
9,0.35000000000000003,4,balanced,D(P)4_after_final_H,0.0,1.0,1024
9,0.4,4,balanced,no_error,0.0,1.0,1024
9,0.4,4,balanced,D(P)1_before_H,0.0,1.0,1024
9,0.4,4,balanced,D(P)2_after_first_H,0.0,1.0,1024
9,0.4,4,balanced,D(P)3_after_oracle,0.0,1.0,1024
9,0.4,4,balanced,D(P)4_after_final_H,0.0,1.0,1024
9,0.45,4,balanced,no_error,0.0,1.0,1024
9,0.45,4,balanced,D(P)1_before_H,0.0,1.0,1024
9,0.45,4,balanced,D(P)2_after_first_H,0.0,1.0,1024
9,0.45,4,balanced,D(P)3_after_oracle,0.0,1.0,1024
9,0.45,4,balanced,D(P)4_after_final_H,0.0,1.0,1024
9,0.5,4,balanced,no_error,0.0,1.0,1024
9,0.5,4,balanced,D(P)1_before_H,0.0,1.0,1024
9,0.5,4,balanced,D(P)2_after_first_H,0.0,1.0,1024
9,0.5,4,balanced,D(P)3_after_oracle,0.0,1.0,1024
9,0.5,4,balanced,D(P)4_after_final_H,0.0,1.0,1024
9,0.55,4,balanced,no_error,0.0,1.0,1024
9,0.55,4,balanced,D(P)1_before_H,0.0,1.0,1024
9,0.55,4,balanced,D(P)2_after_first_H,0.0,1.0,1024
9,0.55,4,balanced,D(P)3_after_oracle,0.0,1.0,1024
9,0.55,4,balanced,D(P)4_after_final_H,0.0,1.0,1024
9,0.6000000000000001,4,balanced,no_error,0.0,1.0,1024
9,0.6000000000000001,4,balanced,D(P)1_before_H,0.0,1.0,1024
9,0.6000000000000001,4,balanced,D(P)2_after_first_H,0.0,1.0,1024
9,0.6000000000000001,4,balanced,D(P)3_after_oracle,0.0,1.0,1024
9,0.6000000000000001,4,balanced,D(P)4_after_final_H,0.0,1.0,1024
9,0.65,4,balanced,no_error,0.0,1.0,1024
9,0.65,4,balanced,D(P)1_before_H,0.0,1.0,1024
9,0.65,4,balanced,D(P)2_after_first_H,0.0,1.0,1024
9,0.65,4,balanced,D(P)3_after_oracle,0.0,1.0,1024
9,0.65,4,balanced,D(P)4_after_final_H,0.0,1.0,1024
9,0.7000000000000001,4,balanced,no_error,0.0,1.0,1024
9,0.7000000000000001,4,balanced,D(P)1_before_H,0.0,1.0,1024
9,0.7000000000000001,4,balanced,D(P)2_after_first_H,0.0,1.0,1024
9,0.7000000000000001,4,balanced,D(P)3_after_oracle,0.0,1.0,1024
9,0.7000000000000001,4,balanced,D(P)4_after_final_H,0.0,1.0,1024
9,0.75,4,balanced,no_error,0.0,1.0,1024
9,0.75,4,balanced,D(P)1_before_H,0.0,1.0,1024
9,0.75,4,balanced,D(P)2_after_first_H,0.0,1.0,1024
9,0.75,4,balanced,D(P)3_after_oracle,0.0,1.0,1024
9,0.75,4,balanced,D(P)4_after_final_H,0.0,1.0,1024
9,0.8,4,balanced,no_error,0.0,1.0,1024
9,0.8,4,balanced,D(P)1_before_H,0.0,1.0,1024
9,0.8,4,balanced,D(P)2_after_first_H,0.0,1.0,1024
9,0.8,4,balanced,D(P)3_after_oracle,0.0,1.0,1024
9,0.8,4,balanced,D(P)4_after_final_H,0.0,1.0,1024
9,0.8500000000000001,4,balanced,no_error,0.0,1.0,1024
9,0.8500000000000001,4,balanced,D(P)1_before_H,0.0,1.0,1024
9,0.8500000000000001,4,balanced,D(P)2_after_first_H,0.0,1.0,1024
9,0.8500000000000001,4,balanced,D(P)3_after_oracle,0.0,1.0,1024
9,0.8500000000000001,4,balanced,D(P)4_after_final_H,0.0,1.0,1024
9,0.9,4,balanced,no_error,0.0,1.0,1024
9,0.9,4,balanced,D(P)1_before_H,0.0,1.0,1024
9,0.9,4,balanced,D(P)2_after_first_H,0.0,1.0,1024
9,0.9,4,balanced,D(P)3_after_oracle,0.0,1.0,1024
9,0.9,4,balanced,D(P)4_after_final_H,0.0,1.0,1024
9,0.9500000000000001,4,balanced,no_error,0.0,1.0,1024
9,0.9500000000000001,4,balanced,D(P)1_before_H,0.0,1.0,1024
9,0.9500000000000001,4,balanced,D(P)2_after_first_H,0.0,1.0,1024
9,0.9500000000000001,4,balanced,D(P)3_after_oracle,0.0,1.0,1024
9,0.9500000000000001,4,balanced,D(P)4_after_final_H,0.0,1.0,1024
9,1.0,4,balanced,no_error,0.0,1.0,1024
9,1.0,4,balanced,D(P)1_before_H,0.0,1.0,1024
9,1.0,4,balanced,D(P)2_after_first_H,0.0,1.0,1024
9,1.0,4,balanced,D(P)3_after_oracle,0.0,1.0,1024
9,1.0,4,balanced,D(P)4_after_final_H,0.0,1.0,1024
